Channel Category,Ad Duration temp,Platform,Demographic,Ad Duration,Key,Building,Reinforcing,Impacting,Activating,active_attention_sec_1_sec_pct,active_attention_sec_2_sec_pct,active_attention_sec_3_sec_pct,active_attention_sec_4_sec_pct,active_attention_sec_5_sec_pct,active_attention_sec_6_sec_pct,active_attention_sec_7_sec_pct,active_attention_sec_8_sec_pct,active_attention_sec_9_sec_pct,active_attention_sec_10_sec_pct,passive_attention_sec_1_sec_pct,passive_attention_sec_2_sec_pct,passive_attention_sec_3_sec_pct,passive_attention_sec_4_sec_pct,passive_attention_sec_5_sec_pct,passive_attention_sec_6_sec_pct,passive_attention_sec_7_sec_pct,passive_attention_sec_8_sec_pct,passive_attention_sec_9_sec_pct,passive_attention_sec_10_sec_pct,any_attention_sec_1_sec_pct,any_attention_sec_2_sec_pct,any_attention_sec_3_sec_pct,any_attention_sec_4_sec_pct,any_attention_sec_5_sec_pct,any_attention_sec_6_sec_pct,any_attention_sec_7_sec_pct,any_attention_sec_8_sec_pct,any_attention_sec_9_sec_pct,any_attention_sec_10_sec_pct
linear-tv-free,15,Linear TV Metro & Regional,P18+,15sec,Linear TV Metro & RegionalP18+15sec,0.78,0.82,0.32,0.46,0.483320757,0.433540463,0.401378861,0.367312813,0.34682159,0.326340702,0.312608058,0.27759066,0.224910551,0.19809433,0.694073166,0.663681797,0.600930492,0.54158557,0.511885467,0.464663341,0.419002174,0.392399285,0.367870965,0.338292529,0.411758472,0.449430015,0.492799538,0.533966715,0.55326323,0.559892583,0.6041356,0.637308319,0.65869551,0.680512984
linear-tv-free,15,Linear TV Metro,P18+,15sec,Linear TV MetroP18+15sec,0.78,0.82,0.32,0.46,0.483320757,0.433540463,0.401378861,0.367312813,0.34682159,0.326340702,0.312608058,0.27759066,0.224910551,0.19809433,0.694073166,0.663681797,0.600930492,0.54158557,0.511885467,0.464663341,0.419002174,0.392399285,0.367870965,0.338292529,0.411758472,0.449430015,0.492799538,0.533966715,0.55326323,0.559892583,0.6041356,0.637308319,0.65869551,0.680512984
linear-tv-free,15,Linear TV Regional,P18+,15sec,Linear TV RegionalP18+15sec,0.78,0.82,0.32,0.46,0.483320757,0.433540463,0.401378861,0.367312813,0.34682159,0.326340702,0.312608058,0.27759066,0.224910551,0.19809433,0.694073166,0.663681797,0.600930492,0.54158557,0.511885467,0.464663341,0.419002174,0.392399285,0.367870965,0.338292529,0.411758472,0.449430015,0.492799538,0.533966715,0.55326323,0.559892583,0.6041356,0.637308319,0.65869551,0.680512984
linear-tv-free,15,Linear TV Metro 5 Cap Seven Network,P18+,15sec,Linear TV Metro 5 Cap Seven NetworkP18+15sec,0.78,0.82,0.32,0.46,0.483320757,0.433540463,0.401378861,0.367312813,0.34682159,0.326340702,0.312608058,0.27759066,0.224910551,0.19809433,0.694073166,0.663681797,0.600930492,0.54158557,0.511885467,0.464663341,0.419002174,0.392399285,0.367870965,0.338292529,0.411758472,0.449430015,0.492799538,0.533966715,0.55326323,0.559892583,0.6041356,0.637308319,0.65869551,0.680512984
linear-tv-free,15,Linear TV Metro 5 Cap Nine Network,P18+,15sec,Linear TV Metro 5 Cap Nine NetworkP18+15sec,0.78,0.82,0.32,0.46,0.483320757,0.433540463,0.401378861,0.367312813,0.34682159,0.326340702,0.312608058,0.27759066,0.224910551,0.19809433,0.694073166,0.663681797,0.600930492,0.54158557,0.511885467,0.464663341,0.419002174,0.392399285,0.367870965,0.338292529,0.411758472,0.449430015,0.492799538,0.533966715,0.55326323,0.559892583,0.6041356,0.637308319,0.65869551,0.680512984
linear-tv-free,15,Linear TV Metro 5 Cap Ten Network,P18+,15sec,Linear TV Metro 5 Cap Ten NetworkP18+15sec,0.78,0.82,0.32,0.46,0.483320757,0.433540463,0.401378861,0.367312813,0.34682159,0.326340702,0.312608058,0.27759066,0.224910551,0.19809433,0.694073166,0.663681797,0.600930492,0.54158557,0.511885467,0.464663341,0.419002174,0.392399285,0.367870965,0.338292529,0.411758472,0.449430015,0.492799538,0.533966715,0.55326323,0.559892583,0.6041356,0.637308319,0.65869551,0.680512984
linear-tv-free,15,Linear TV Metro 5 Cap SBS Network,P18+,15sec,Linear TV Metro 5 Cap SBS NetworkP18+15sec,0.78,0.82,0.32,0.46,0.483320757,0.433540463,0.401378861,0.367312813,0.34682159,0.326340702,0.312608058,0.27759066,0.224910551,0.19809433,0.694073166,0.663681797,0.600930492,0.54158557,0.511885467,0.464663341,0.419002174,0.392399285,0.367870965,0.338292529,0.411758472,0.449430015,0.492799538,0.533966715,0.55326323,0.559892583,0.6041356,0.637308319,0.65869551,0.680512984
linear-tv-free,15,Linear TV Regional 4 Seven Network,P18+,15sec,Linear TV Regional 4 Seven NetworkP18+15sec,0.78,0.82,0.32,0.46,0.483320757,0.433540463,0.401378861,0.367312813,0.34682159,0.326340702,0.312608058,0.27759066,0.224910551,0.19809433,0.694073166,0.663681797,0.600930492,0.54158557,0.511885467,0.464663341,0.419002174,0.392399285,0.367870965,0.338292529,0.411758472,0.449430015,0.492799538,0.533966715,0.55326323,0.559892583,0.6041356,0.637308319,0.65869551,0.680512984
linear-tv-free,15,Linear TV Regional 4 Nine Network,P18+,15sec,Linear TV Regional 4 Nine NetworkP18+15sec,0.78,0.82,0.32,0.46,0.483320757,0.433540463,0.401378861,0.367312813,0.34682159,0.326340702,0.312608058,0.27759066,0.224910551,0.19809433,0.694073166,0.663681797,0.600930492,0.54158557,0.511885467,0.464663341,0.419002174,0.392399285,0.367870965,0.338292529,0.411758472,0.449430015,0.492799538,0.533966715,0.55326323,0.559892583,0.6041356,0.637308319,0.65869551,0.680512984
linear-tv-free,15,Linear TV Regional 4 Ten Network,P18+,15sec,Linear TV Regional 4 Ten NetworkP18+15sec,0.78,0.82,0.32,0.46,0.483320757,0.433540463,0.401378861,0.367312813,0.34682159,0.326340702,0.312608058,0.27759066,0.224910551,0.19809433,0.694073166,0.663681797,0.600930492,0.54158557,0.511885467,0.464663341,0.419002174,0.392399285,0.367870965,0.338292529,0.411758472,0.449430015,0.492799538,0.533966715,0.55326323,0.559892583,0.6041356,0.637308319,0.65869551,0.680512984
linear-tv-free,15,Linear TV Regional 4 SBS Network,P18+,15sec,Linear TV Regional 4 SBS NetworkP18+15sec,0.78,0.82,0.32,0.46,0.483320757,0.433540463,0.401378861,0.367312813,0.34682159,0.326340702,0.312608058,0.27759066,0.224910551,0.19809433,0.694073166,0.663681797,0.600930492,0.54158557,0.511885467,0.464663341,0.419002174,0.392399285,0.367870965,0.338292529,0.411758472,0.449430015,0.492799538,0.533966715,0.55326323,0.559892583,0.6041356,0.637308319,0.65869551,0.680512984
linear-tv-paid,15,Foxtel Linear,P18+,15sec,Foxtel LinearP18+15sec,0.78,0.82,0.32,0.46,0.340456443,0.290985003,0.264612702,0.252639667,0.239321026,0.21543319,0.195190731,0.173125437,0.161980178,0.15002014,0.69639567,0.654777759,0.616493832,0.600419291,0.585477449,0.559668804,0.540208388,0.518812718,0.498350607,0.476748866,0.596439463,0.622910325,0.634326541,0.643377641,0.655237871,0.661095123,0.668317522,0.682039649,0.692588055,0.696623151
youtube-nonskip,15,YouTube TrueView,P18+,15sec,YouTube TrueViewP18+15sec,0.21,0.72,0.23,0.72,0.761494261,0.691439358,0.56632895,0.511695679,0.46414455,0.411907476,0.378391787,0.329873859,0.269701943,0.172413569,0.507049243,0.420456781,0.352886925,0.256252849,0.223368264,0.19085498,0.166009393,0.130492817,0.066438109,0.059785366,0.830308754,0.886789592,0.894900604,0.898497399,0.905786633,0.894525441,0.906850383,0.916495572,0.922205781,0.929445969
youtube-nonskip,15,YouTube Instant Reserve,P18+,15sec,YouTube Instant ReserveP18+15sec,0.77,0.86,0.53,0.83,0.761494261,0.691439358,0.56632895,0.511695679,0.46414455,0.411907476,0.378391787,0.329873859,0.269701943,0.172413569,0.507049243,0.420456781,0.352886925,0.256252849,0.223368264,0.19085498,0.166009393,0.130492817,0.066438109,0.059785366,0.830308754,0.886789592,0.894900604,0.898497399,0.905786633,0.894525441,0.906850383,0.916495572,0.922205781,0.929445969
youtube-nonskip,15,YouTube Select,P18+,15sec,YouTube SelectP18+15sec,0.77,0.86,0.53,0.83,0.761494261,0.691439358,0.56632895,0.511695679,0.46414455,0.411907476,0.378391787,0.329873859,0.269701943,0.172413569,0.507049243,0.420456781,0.352886925,0.256252849,0.223368264,0.19085498,0.166009393,0.130492817,0.066438109,0.059785366,0.830308754,0.886789592,0.894900604,0.898497399,0.905786633,0.894525441,0.906850383,0.916495572,0.922205781,0.929445969
youtube-nonskip,15,YouTube OMG Select,P18+,15sec,YouTube OMG SelectP18+15sec,0.77,0.86,0.53,0.83,0.761494261,0.691439358,0.56632895,0.511695679,0.46414455,0.411907476,0.378391787,0.329873859,0.269701943,0.172413569,0.507049243,0.420456781,0.352886925,0.256252849,0.223368264,0.19085498,0.166009393,0.130492817,0.066438109,0.059785366,0.830308754,0.886789592,0.894900604,0.898497399,0.905786633,0.894525441,0.906850383,0.916495572,0.922205781,0.929445969
bvod,15,Nine Now,P18+,15sec,Nine NowP18+15sec,0.7,0.83,0.82,1,0.836371787,0.814361022,0.779460661,0.752338331,0.725214407,0.69732359,0.674024128,0.653741722,0.626419818,0.597953984,0.487554053,0.419472292,0.370055506,0.316310832,0.280418968,0.242368893,0.210947742,0.183600087,0.159797832,0.139081346,0.624322374,0.703376332,0.752700531,0.765954423,0.778641928,0.775781283,0.781227455,0.791566457,0.798398192,0.811286761
bvod,15,Ten Play,P18+,15sec,Ten PlayP18+15sec,0.7,0.83,0.82,1,0.836371787,0.814361022,0.779460661,0.752338331,0.725214407,0.69732359,0.674024128,0.653741722,0.626419818,0.597953984,0.487554053,0.419472292,0.370055506,0.316310832,0.280418968,0.242368893,0.210947742,0.183600087,0.159797832,0.139081346,0.624322374,0.703376332,0.752700531,0.765954423,0.778641928,0.775781283,0.781227455,0.791566457,0.798398192,0.811286761
bvod,15,Seven Plus,P18+,15sec,Seven PlusP18+15sec,0.7,0.83,0.82,1,0.836371787,0.814361022,0.779460661,0.752338331,0.725214407,0.69732359,0.674024128,0.653741722,0.626419818,0.597953984,0.487554053,0.419472292,0.370055506,0.316310832,0.280418968,0.242368893,0.210947742,0.183600087,0.159797832,0.139081346,0.624322374,0.703376332,0.752700531,0.765954423,0.778641928,0.775781283,0.781227455,0.791566457,0.798398192,0.811286761
bvod,15,SBS On Demand,P18+,15sec,SBS On DemandP18+15sec,0.7,0.83,0.82,1,0.836371787,0.814361022,0.779460661,0.752338331,0.725214407,0.69732359,0.674024128,0.653741722,0.626419818,0.597953984,0.487554053,0.419472292,0.370055506,0.316310832,0.280418968,0.242368893,0.210947742,0.183600087,0.159797832,0.139081346,0.624322374,0.703376332,0.752700531,0.765954423,0.778641928,0.775781283,0.781227455,0.791566457,0.798398192,0.811286761
svod,15,Kayo,P18+,15sec,KayoP18+15sec,0.7,0.83,0.82,1,0.709142011,0.667005352,0.639860532,0.542901109,0.493897305,0.469425697,0.441939892,0.408715357,0.399662439,0.378957917,0.588238645,0.523663752,0.477327696,0.428289389,0.385805891,0.347536478,0.31306314,0.28200933,0.254035855,0.228837165,0.550161595,0.618135631,0.644418428,0.65517026,0.670989325,0.709651859,0.727750973,0.741214184,0.762544307,0.780540944
svod,15,Foxtel Go,P18+,15sec,Foxtel GoP18+15sec,0.7,0.83,0.82,1,0.709142011,0.667005352,0.639860532,0.542901109,0.493897305,0.469425697,0.441939892,0.408715357,0.399662439,0.378957917,0.588238645,0.523663752,0.477327696,0.428289389,0.385805891,0.347536478,0.31306314,0.28200933,0.254035855,0.228837165,0.550161595,0.618135631,0.644418428,0.65517026,0.670989325,0.709651859,0.727750973,0.741214184,0.762544307,0.780540944
svod,15,Binge,P18+,15sec,BingeP18+15sec,0.7,0.83,0.82,1,0.709142011,0.667005352,0.639860532,0.542901109,0.493897305,0.469425697,0.441939892,0.408715357,0.399662439,0.378957917,0.588238645,0.523663752,0.477327696,0.428289389,0.385805891,0.347536478,0.31306314,0.28200933,0.254035855,0.228837165,0.550161595,0.618135631,0.644418428,0.65517026,0.670989325,0.709651859,0.727750973,0.741214184,0.762544307,0.780540944
svod,15,Netflix,P18+,15sec,NetflixP18+15sec,0.7,0.83,0.82,1,0.709142011,0.667005352,0.639860532,0.542901109,0.493897305,0.469425697,0.441939892,0.408715357,0.399662439,0.378957917,0.588238645,0.523663752,0.477327696,0.428289389,0.385805891,0.347536478,0.31306314,0.28200933,0.254035855,0.228837165,0.550161595,0.618135631,0.644418428,0.65517026,0.670989325,0.709651859,0.727750973,0.741214184,0.762544307,0.780540944
svod,15,Optus Sport,P18+,15sec,Optus SportP18+15sec,0.7,0.83,0.82,1,0.709142011,0.667005352,0.639860532,0.542901109,0.493897305,0.469425697,0.441939892,0.408715357,0.399662439,0.378957917,0.588238645,0.523663752,0.477327696,0.428289389,0.385805891,0.347536478,0.31306314,0.28200933,0.254035855,0.228837165,0.550161595,0.618135631,0.644418428,0.65517026,0.670989325,0.709651859,0.727750973,0.741214184,0.762544307,0.780540944
svod,15,Amazon Prime,P18+,15sec,Amazon PrimeP18+15sec,0.7,0.83,0.82,1,0.709142011,0.667005352,0.639860532,0.542901109,0.493897305,0.469425697,0.441939892,0.408715357,0.399662439,0.378957917,0.588238645,0.523663752,0.477327696,0.428289389,0.385805891,0.347536478,0.31306314,0.28200933,0.254035855,0.228837165,0.550161595,0.618135631,0.644418428,0.65517026,0.670989325,0.709651859,0.727750973,0.741214184,0.762544307,0.780540944
svod,15,Samsung In-Stream,P18+,15sec,Samsung In-StreamP18+15sec,0.7,0.83,0.82,1,0.709142011,0.667005352,0.639860532,0.542901109,0.493897305,0.469425697,0.441939892,0.408715357,0.399662439,0.378957917,0.588238645,0.523663752,0.477327696,0.428289389,0.385805891,0.347536478,0.31306314,0.28200933,0.254035855,0.228837165,0.550161595,0.618135631,0.644418428,0.65517026,0.670989325,0.709651859,0.727750973,0.741214184,0.762544307,0.780540944
linear-tv-free,30,Linear TV Metro & Regional,P18+,15sec,Linear TV Metro & RegionalP18+15sec,0.78,0.82,0.32,0.46,0.51376183,0.470860161,0.427719199,0.39351852,0.375382881,0.354897032,0.343877965,0.309892922,0.269147945,0.242505129,0.740090201,0.710574078,0.64786949,0.59596867,0.569789164,0.535846468,0.492361765,0.472873609,0.459233323,0.438774734,0.388012121,0.43076644,0.487759437,0.516524128,0.536794398,0.545181316,0.587447927,0.620764987,0.63248115,0.652602239
linear-tv-free,30,Linear TV Metro,P18+,15sec,Linear TV MetroP18+15sec,0.78,0.82,0.32,0.46,0.51376183,0.470860161,0.427719199,0.39351852,0.375382881,0.354897032,0.343877965,0.309892922,0.269147945,0.242505129,0.740090201,0.710574078,0.64786949,0.59596867,0.569789164,0.535846468,0.492361765,0.472873609,0.459233323,0.438774734,0.388012121,0.43076644,0.487759437,0.516524128,0.536794398,0.545181316,0.587447927,0.620764987,0.63248115,0.652602239
linear-tv-free,30,Linear TV Regional,P18+,15sec,Linear TV RegionalP18+15sec,0.78,0.82,0.32,0.46,0.51376183,0.470860161,0.427719199,0.39351852,0.375382881,0.354897032,0.343877965,0.309892922,0.269147945,0.242505129,0.740090201,0.710574078,0.64786949,0.59596867,0.569789164,0.535846468,0.492361765,0.472873609,0.459233323,0.438774734,0.388012121,0.43076644,0.487759437,0.516524128,0.536794398,0.545181316,0.587447927,0.620764987,0.63248115,0.652602239
linear-tv-free,30,Linear TV Metro 5 Cap Seven Network,P18+,15sec,Linear TV Metro 5 Cap Seven NetworkP18+15sec,0.78,0.82,0.32,0.46,0.51376183,0.470860161,0.427719199,0.39351852,0.375382881,0.354897032,0.343877965,0.309892922,0.269147945,0.242505129,0.740090201,0.710574078,0.64786949,0.59596867,0.569789164,0.535846468,0.492361765,0.472873609,0.459233323,0.438774734,0.388012121,0.43076644,0.487759437,0.516524128,0.536794398,0.545181316,0.587447927,0.620764987,0.63248115,0.652602239
linear-tv-free,30,Linear TV Metro 5 Cap Nine Network,P18+,15sec,Linear TV Metro 5 Cap Nine NetworkP18+15sec,0.78,0.82,0.32,0.46,0.51376183,0.470860161,0.427719199,0.39351852,0.375382881,0.354897032,0.343877965,0.309892922,0.269147945,0.242505129,0.740090201,0.710574078,0.64786949,0.59596867,0.569789164,0.535846468,0.492361765,0.472873609,0.459233323,0.438774734,0.388012121,0.43076644,0.487759437,0.516524128,0.536794398,0.545181316,0.587447927,0.620764987,0.63248115,0.652602239
linear-tv-free,30,Linear TV Metro 5 Cap Ten Network,P18+,15sec,Linear TV Metro 5 Cap Ten NetworkP18+15sec,0.78,0.82,0.32,0.46,0.51376183,0.470860161,0.427719199,0.39351852,0.375382881,0.354897032,0.343877965,0.309892922,0.269147945,0.242505129,0.740090201,0.710574078,0.64786949,0.59596867,0.569789164,0.535846468,0.492361765,0.472873609,0.459233323,0.438774734,0.388012121,0.43076644,0.487759437,0.516524128,0.536794398,0.545181316,0.587447927,0.620764987,0.63248115,0.652602239
linear-tv-free,30,Linear TV Metro 5 Cap SBS Network,P18+,15sec,Linear TV Metro 5 Cap SBS NetworkP18+15sec,0.78,0.82,0.32,0.46,0.51376183,0.470860161,0.427719199,0.39351852,0.375382881,0.354897032,0.343877965,0.309892922,0.269147945,0.242505129,0.740090201,0.710574078,0.64786949,0.59596867,0.569789164,0.535846468,0.492361765,0.472873609,0.459233323,0.438774734,0.388012121,0.43076644,0.487759437,0.516524128,0.536794398,0.545181316,0.587447927,0.620764987,0.63248115,0.652602239
linear-tv-free,30,Linear TV Regional 4 Seven Network,P18+,15sec,Linear TV Regional 4 Seven NetworkP18+15sec,0.78,0.82,0.32,0.46,0.51376183,0.470860161,0.427719199,0.39351852,0.375382881,0.354897032,0.343877965,0.309892922,0.269147945,0.242505129,0.740090201,0.710574078,0.64786949,0.59596867,0.569789164,0.535846468,0.492361765,0.472873609,0.459233323,0.438774734,0.388012121,0.43076644,0.487759437,0.516524128,0.536794398,0.545181316,0.587447927,0.620764987,0.63248115,0.652602239
linear-tv-free,30,Linear TV Regional 4 Nine Network,P18+,15sec,Linear TV Regional 4 Nine NetworkP18+15sec,0.78,0.82,0.32,0.46,0.51376183,0.470860161,0.427719199,0.39351852,0.375382881,0.354897032,0.343877965,0.309892922,0.269147945,0.242505129,0.740090201,0.710574078,0.64786949,0.59596867,0.569789164,0.535846468,0.492361765,0.472873609,0.459233323,0.438774734,0.388012121,0.43076644,0.487759437,0.516524128,0.536794398,0.545181316,0.587447927,0.620764987,0.63248115,0.652602239
linear-tv-free,30,Linear TV Regional 4 Ten Network,P18+,15sec,Linear TV Regional 4 Ten NetworkP18+15sec,0.78,0.82,0.32,0.46,0.51376183,0.470860161,0.427719199,0.39351852,0.375382881,0.354897032,0.343877965,0.309892922,0.269147945,0.242505129,0.740090201,0.710574078,0.64786949,0.59596867,0.569789164,0.535846468,0.492361765,0.472873609,0.459233323,0.438774734,0.388012121,0.43076644,0.487759437,0.516524128,0.536794398,0.545181316,0.587447927,0.620764987,0.63248115,0.652602239
linear-tv-free,30,Linear TV Regional 4 SBS Network,P18+,15sec,Linear TV Regional 4 SBS NetworkP18+15sec,0.78,0.82,0.32,0.46,0.51376183,0.470860161,0.427719199,0.39351852,0.375382881,0.354897032,0.343877965,0.309892922,0.269147945,0.242505129,0.740090201,0.710574078,0.64786949,0.59596867,0.569789164,0.535846468,0.492361765,0.472873609,0.459233323,0.438774734,0.388012121,0.43076644,0.487759437,0.516524128,0.536794398,0.545181316,0.587447927,0.620764987,0.63248115,0.652602239
linear-tv-paid,30,Foxtel Linear,P18+,15sec,Foxtel LinearP18+15sec,0.78,0.82,0.32,0.46,0.379673361,0.344665454,0.314458477,0.300418821,0.282672928,0.270065723,0.254809948,0.24042109,0.229030029,0.216469021,0.700766483,0.662246539,0.618635673,0.604360715,0.593088572,0.574932438,0.553965807,0.537695375,0.528518628,0.509796046,0.52006277,0.548607667,0.564147476,0.577875897,0.594661561,0.601249184,0.605895762,0.613932298,0.622208263,0.624763548
youtube-nonskip,30,YouTube TrueView,P18+,15sec,YouTube TrueViewP18+15sec,0.21,0.72,0.23,0.72,0.761494261,0.691439358,0.56632895,0.511695679,0.46414455,0.411907476,0.378391787,0.329873859,0.269701943,0.172413569,0.507049243,0.420456781,0.352886925,0.256252849,0.223368264,0.19085498,0.166009393,0.130492817,0.066438109,0.059785366,0.830308754,0.886789592,0.894900604,0.898497399,0.905786633,0.894525441,0.906850383,0.916495572,0.922205781,0.929445969
youtube-nonskip,30,YouTube Instant Reserve,P18+,15sec,YouTube Instant ReserveP18+15sec,0.77,0.86,0.53,0.83,0.761494261,0.691439358,0.56632895,0.511695679,0.46414455,0.411907476,0.378391787,0.329873859,0.269701943,0.172413569,0.507049243,0.420456781,0.352886925,0.256252849,0.223368264,0.19085498,0.166009393,0.130492817,0.066438109,0.059785366,0.830308754,0.886789592,0.894900604,0.898497399,0.905786633,0.894525441,0.906850383,0.916495572,0.922205781,0.929445969
youtube-nonskip,30,YouTube Select,P18+,15sec,YouTube SelectP18+15sec,0.77,0.86,0.53,0.83,0.761494261,0.691439358,0.56632895,0.511695679,0.46414455,0.411907476,0.378391787,0.329873859,0.269701943,0.172413569,0.507049243,0.420456781,0.352886925,0.256252849,0.223368264,0.19085498,0.166009393,0.130492817,0.066438109,0.059785366,0.830308754,0.886789592,0.894900604,0.898497399,0.905786633,0.894525441,0.906850383,0.916495572,0.922205781,0.929445969
youtube-nonskip,30,YouTube OMG Select,P18+,15sec,YouTube OMG SelectP18+15sec,0.77,0.86,0.53,0.83,0.761494261,0.691439358,0.56632895,0.511695679,0.46414455,0.411907476,0.378391787,0.329873859,0.269701943,0.172413569,0.507049243,0.420456781,0.352886925,0.256252849,0.223368264,0.19085498,0.166009393,0.130492817,0.066438109,0.059785366,0.830308754,0.886789592,0.894900604,0.898497399,0.905786633,0.894525441,0.906850383,0.916495572,0.922205781,0.929445969
bvod,30,Nine Now,P18+,15sec,Nine NowP18+15sec,0.7,0.83,0.82,1,0.846488063,0.824619407,0.800131077,0.778239468,0.755102098,0.738646159,0.72929676,0.717724503,0.700226664,0.688835216,0.523635668,0.473228884,0.424865024,0.384726057,0.369815084,0.329226573,0.300811196,0.274848336,0.251126317,0.229451734,0.625934474,0.694786617,0.749824515,0.757032988,0.773527483,0.803675619,0.8050464,0.826116843,0.7678168,0.774596315
bvod,30,Ten Play,P18+,15sec,Ten PlayP18+15sec,0.7,0.83,0.82,1,0.846488063,0.824619407,0.800131077,0.778239468,0.755102098,0.738646159,0.72929676,0.717724503,0.700226664,0.688835216,0.523635668,0.473228884,0.424865024,0.384726057,0.369815084,0.329226573,0.300811196,0.274848336,0.251126317,0.229451734,0.625934474,0.694786617,0.749824515,0.757032988,0.773527483,0.803675619,0.8050464,0.826116843,0.7678168,0.774596315
bvod,30,Seven Plus,P18+,15sec,Seven PlusP18+15sec,0.7,0.83,0.82,1,0.846488063,0.824619407,0.800131077,0.778239468,0.755102098,0.738646159,0.72929676,0.717724503,0.700226664,0.688835216,0.523635668,0.473228884,0.424865024,0.384726057,0.369815084,0.329226573,0.300811196,0.274848336,0.251126317,0.229451734,0.625934474,0.694786617,0.749824515,0.757032988,0.773527483,0.803675619,0.8050464,0.826116843,0.7678168,0.774596315
bvod,30,SBS On Demand,P18+,15sec,SBS On DemandP18+15sec,0.7,0.83,0.82,1,0.846488063,0.824619407,0.800131077,0.778239468,0.755102098,0.738646159,0.72929676,0.717724503,0.700226664,0.688835216,0.523635668,0.473228884,0.424865024,0.384726057,0.369815084,0.329226573,0.300811196,0.274848336,0.251126317,0.229451734,0.625934474,0.694786617,0.749824515,0.757032988,0.773527483,0.803675619,0.8050464,0.826116843,0.7678168,0.774596315
svod,30,Kayo,P18+,15sec,KayoP18+15sec,0.7,0.83,0.82,1,0.726812396,0.70027642,0.671791139,0.645245474,0.626702829,0.614260771,0.596506434,0.54848896,0.543312768,0.539841793,0.602896363,0.54978476,0.501147516,0.50902786,0.489546392,0.45476425,0.422555602,0.378451658,0.345343745,0.325988348,0.536329153,0.575148146,0.615517586,0.627548004,0.660599805,0.694673222,0.71072293,0.721991912,0.727781964,0.729881336
svod,30,Foxtel Go,P18+,15sec,Foxtel GoP18+15sec,0.7,0.83,0.82,1,0.726812396,0.70027642,0.671791139,0.645245474,0.626702829,0.614260771,0.596506434,0.54848896,0.543312768,0.539841793,0.602896363,0.54978476,0.501147516,0.50902786,0.489546392,0.45476425,0.422555602,0.378451658,0.345343745,0.325988348,0.536329153,0.575148146,0.615517586,0.627548004,0.660599805,0.694673222,0.71072293,0.721991912,0.727781964,0.729881336
svod,30,Binge,P18+,15sec,BingeP18+15sec,0.7,0.83,0.82,1,0.726812396,0.70027642,0.671791139,0.645245474,0.626702829,0.614260771,0.596506434,0.54848896,0.543312768,0.539841793,0.602896363,0.54978476,0.501147516,0.50902786,0.489546392,0.45476425,0.422555602,0.378451658,0.345343745,0.325988348,0.536329153,0.575148146,0.615517586,0.627548004,0.660599805,0.694673222,0.71072293,0.721991912,0.727781964,0.729881336
svod,30,Netflix,P18+,15sec,NetflixP18+15sec,0.7,0.83,0.82,1,0.726812396,0.70027642,0.671791139,0.645245474,0.626702829,0.614260771,0.596506434,0.54848896,0.543312768,0.539841793,0.602896363,0.54978476,0.501147516,0.50902786,0.489546392,0.45476425,0.422555602,0.378451658,0.345343745,0.325988348,0.536329153,0.575148146,0.615517586,0.627548004,0.660599805,0.694673222,0.71072293,0.721991912,0.727781964,0.729881336
svod,30,Optus Sport,P18+,15sec,Optus SportP18+15sec,0.7,0.83,0.82,1,0.726812396,0.70027642,0.671791139,0.645245474,0.626702829,0.614260771,0.596506434,0.54848896,0.543312768,0.539841793,0.602896363,0.54978476,0.501147516,0.50902786,0.489546392,0.45476425,0.422555602,0.378451658,0.345343745,0.325988348,0.536329153,0.575148146,0.615517586,0.627548004,0.660599805,0.694673222,0.71072293,0.721991912,0.727781964,0.729881336
svod,30,Amazon Prime,P18+,15sec,Amazon PrimeP18+15sec,0.7,0.83,0.82,1,0.726812396,0.70027642,0.671791139,0.645245474,0.626702829,0.614260771,0.596506434,0.54848896,0.543312768,0.539841793,0.602896363,0.54978476,0.501147516,0.50902786,0.489546392,0.45476425,0.422555602,0.378451658,0.345343745,0.325988348,0.536329153,0.575148146,0.615517586,0.627548004,0.660599805,0.694673222,0.71072293,0.721991912,0.727781964,0.729881336
svod,30,Samsung In-Stream,P18+,15sec,Samsung In-StreamP18+15sec,0.7,0.83,0.82,1,0.726812396,0.70027642,0.671791139,0.645245474,0.626702829,0.614260771,0.596506434,0.54848896,0.543312768,0.539841793,0.602896363,0.54978476,0.501147516,0.50902786,0.489546392,0.45476425,0.422555602,0.378451658,0.345343745,0.325988348,0.536329153,0.575148146,0.615517586,0.627548004,0.660599805,0.694673222,0.71072293,0.721991912,0.727781964,0.729881336
linear-tv-free,15,Linear TV Metro & Regional,P18-44,15sec,Linear TV Metro & RegionalP18-4415sec,0.78,0.82,0.32,0.46,0.342126484,0.271831026,0.240098556,0.212996886,0.198002636,0.175711088,0.162290614,0.132820551,0.120108405,0.101321066,0.778678537,0.75242825,0.698569059,0.639786848,0.598646197,0.560646565,0.510398045,0.475990232,0.451339499,0.42557188,0.403593804,0.451764831,0.48735702,0.505718173,0.533546381,0.543543439,0.566803431,0.573967596,0.611713097,0.648148885
linear-tv-free,15,Linear TV Metro,P18-44,15sec,Linear TV MetroP18-4415sec,0.78,0.82,0.32,0.46,0.342126484,0.271831026,0.240098556,0.212996886,0.198002636,0.175711088,0.162290614,0.132820551,0.120108405,0.101321066,0.778678537,0.75242825,0.698569059,0.639786848,0.598646197,0.560646565,0.510398045,0.475990232,0.451339499,0.42557188,0.403593804,0.451764831,0.48735702,0.505718173,0.533546381,0.543543439,0.566803431,0.573967596,0.611713097,0.648148885
linear-tv-free,15,Linear TV Regional,P18-44,15sec,Linear TV RegionalP18-4415sec,0.78,0.82,0.32,0.46,0.342126484,0.271831026,0.240098556,0.212996886,0.198002636,0.175711088,0.162290614,0.132820551,0.120108405,0.101321066,0.778678537,0.75242825,0.698569059,0.639786848,0.598646197,0.560646565,0.510398045,0.475990232,0.451339499,0.42557188,0.403593804,0.451764831,0.48735702,0.505718173,0.533546381,0.543543439,0.566803431,0.573967596,0.611713097,0.648148885
linear-tv-free,15,Linear TV Metro 5 Cap Seven Network,P18-44,15sec,Linear TV Metro 5 Cap Seven NetworkP18-4415sec,0.78,0.82,0.32,0.46,0.342126484,0.271831026,0.240098556,0.212996886,0.198002636,0.175711088,0.162290614,0.132820551,0.120108405,0.101321066,0.778678537,0.75242825,0.698569059,0.639786848,0.598646197,0.560646565,0.510398045,0.475990232,0.451339499,0.42557188,0.403593804,0.451764831,0.48735702,0.505718173,0.533546381,0.543543439,0.566803431,0.573967596,0.611713097,0.648148885
linear-tv-free,15,Linear TV Metro 5 Cap Nine Network,P18-44,15sec,Linear TV Metro 5 Cap Nine NetworkP18-4415sec,0.78,0.82,0.32,0.46,0.342126484,0.271831026,0.240098556,0.212996886,0.198002636,0.175711088,0.162290614,0.132820551,0.120108405,0.101321066,0.778678537,0.75242825,0.698569059,0.639786848,0.598646197,0.560646565,0.510398045,0.475990232,0.451339499,0.42557188,0.403593804,0.451764831,0.48735702,0.505718173,0.533546381,0.543543439,0.566803431,0.573967596,0.611713097,0.648148885
linear-tv-free,15,Linear TV Metro 5 Cap Ten Network,P18-44,15sec,Linear TV Metro 5 Cap Ten NetworkP18-4415sec,0.78,0.82,0.32,0.46,0.342126484,0.271831026,0.240098556,0.212996886,0.198002636,0.175711088,0.162290614,0.132820551,0.120108405,0.101321066,0.778678537,0.75242825,0.698569059,0.639786848,0.598646197,0.560646565,0.510398045,0.475990232,0.451339499,0.42557188,0.403593804,0.451764831,0.48735702,0.505718173,0.533546381,0.543543439,0.566803431,0.573967596,0.611713097,0.648148885
linear-tv-free,15,Linear TV Metro 5 Cap SBS Network,P18-44,15sec,Linear TV Metro 5 Cap SBS NetworkP18-4415sec,0.78,0.82,0.32,0.46,0.342126484,0.271831026,0.240098556,0.212996886,0.198002636,0.175711088,0.162290614,0.132820551,0.120108405,0.101321066,0.778678537,0.75242825,0.698569059,0.639786848,0.598646197,0.560646565,0.510398045,0.475990232,0.451339499,0.42557188,0.403593804,0.451764831,0.48735702,0.505718173,0.533546381,0.543543439,0.566803431,0.573967596,0.611713097,0.648148885
linear-tv-free,15,Linear TV Regional 4 Seven Network,P18-44,15sec,Linear TV Regional 4 Seven NetworkP18-4415sec,0.78,0.82,0.32,0.46,0.342126484,0.271831026,0.240098556,0.212996886,0.198002636,0.175711088,0.162290614,0.132820551,0.120108405,0.101321066,0.778678537,0.75242825,0.698569059,0.639786848,0.598646197,0.560646565,0.510398045,0.475990232,0.451339499,0.42557188,0.403593804,0.451764831,0.48735702,0.505718173,0.533546381,0.543543439,0.566803431,0.573967596,0.611713097,0.648148885
linear-tv-free,15,Linear TV Regional 4 Nine Network,P18-44,15sec,Linear TV Regional 4 Nine NetworkP18-4415sec,0.78,0.82,0.32,0.46,0.342126484,0.271831026,0.240098556,0.212996886,0.198002636,0.175711088,0.162290614,0.132820551,0.120108405,0.101321066,0.778678537,0.75242825,0.698569059,0.639786848,0.598646197,0.560646565,0.510398045,0.475990232,0.451339499,0.42557188,0.403593804,0.451764831,0.48735702,0.505718173,0.533546381,0.543543439,0.566803431,0.573967596,0.611713097,0.648148885
linear-tv-free,15,Linear TV Regional 4 Ten Network,P18-44,15sec,Linear TV Regional 4 Ten NetworkP18-4415sec,0.78,0.82,0.32,0.46,0.342126484,0.271831026,0.240098556,0.212996886,0.198002636,0.175711088,0.162290614,0.132820551,0.120108405,0.101321066,0.778678537,0.75242825,0.698569059,0.639786848,0.598646197,0.560646565,0.510398045,0.475990232,0.451339499,0.42557188,0.403593804,0.451764831,0.48735702,0.505718173,0.533546381,0.543543439,0.566803431,0.573967596,0.611713097,0.648148885
linear-tv-free,15,Linear TV Regional 4 SBS Network,P18-44,15sec,Linear TV Regional 4 SBS NetworkP18-4415sec,0.78,0.82,0.32,0.46,0.342126484,0.271831026,0.240098556,0.212996886,0.198002636,0.175711088,0.162290614,0.132820551,0.120108405,0.101321066,0.778678537,0.75242825,0.698569059,0.639786848,0.598646197,0.560646565,0.510398045,0.475990232,0.451339499,0.42557188,0.403593804,0.451764831,0.48735702,0.505718173,0.533546381,0.543543439,0.566803431,0.573967596,0.611713097,0.648148885
linear-tv-paid,15,Foxtel Linear,P18-44,15sec,Foxtel LinearP18-4415sec,0.78,0.82,0.32,0.46,0.333778728,0.278011946,0.24846267,0.236848915,0.222218811,0.192768376,0.175302813,0.150239752,0.13901751,0.126873057,0.708799645,0.670725093,0.637776211,0.622977022,0.608111136,0.581914717,0.562863322,0.538504116,0.51438607,0.489263932,0.601255773,0.626373783,0.636954795,0.646218067,0.658160711,0.664291779,0.672018488,0.681759116,0.69336708,0.697071575
youtube-nonskip,15,YouTube TrueView,P18-44,15sec,YouTube TrueViewP18-4415sec,0.21,0.72,0.23,0.72,0.814779638,0.74221642,0.599465864,0.532079046,0.473176157,0.436977382,0.383482102,0.369018889,0.305126219,0.247934226,0.894209199,0.802974919,0.671322194,0.558000066,0.491813006,0.445833106,0.406987656,0.323828611,0.242501537,0.235415804,0.677382967,0.7359008,0.768755147,0.780153858,0.796388503,0.796388503,0.826283478,0.854208581,0.871213339,0.886539972
youtube-nonskip,15,YouTube Instant Reserve,P18-44,15sec,YouTube Instant ReserveP18-4415sec,0.77,0.86,0.53,0.83,0.814779638,0.74221642,0.599465864,0.532079046,0.473176157,0.436977382,0.383482102,0.369018889,0.305126219,0.247934226,0.894209199,0.802974919,0.671322194,0.558000066,0.491813006,0.445833106,0.406987656,0.323828611,0.242501537,0.235415804,0.677382967,0.7359008,0.768755147,0.780153858,0.796388503,0.796388503,0.826283478,0.854208581,0.871213339,0.886539972
youtube-nonskip,15,YouTube Select,P18-44,15sec,YouTube SelectP18-4415sec,0.77,0.86,0.53,0.83,0.814779638,0.74221642,0.599465864,0.532079046,0.473176157,0.436977382,0.383482102,0.369018889,0.305126219,0.247934226,0.894209199,0.802974919,0.671322194,0.558000066,0.491813006,0.445833106,0.406987656,0.323828611,0.242501537,0.235415804,0.677382967,0.7359008,0.768755147,0.780153858,0.796388503,0.796388503,0.826283478,0.854208581,0.871213339,0.886539972
youtube-nonskip,15,YouTube OMG Select,P18-44,15sec,YouTube OMG SelectP18-4415sec,0.77,0.86,0.53,0.83,0.814779638,0.74221642,0.599465864,0.532079046,0.473176157,0.436977382,0.383482102,0.369018889,0.305126219,0.247934226,0.894209199,0.802974919,0.671322194,0.558000066,0.491813006,0.445833106,0.406987656,0.323828611,0.242501537,0.235415804,0.677382967,0.7359008,0.768755147,0.780153858,0.796388503,0.796388503,0.826283478,0.854208581,0.871213339,0.886539972
bvod,15,Nine Now,P18-44,15sec,Nine NowP18-4415sec,0.7,0.83,0.82,1,0.749585744,0.718791732,0.666284802,0.631655226,0.594093933,0.560780628,0.528273151,0.501074115,0.462396291,0.434131007,0.556232575,0.501468302,0.443174647,0.390698067,0.33780056,0.302020894,0.266610688,0.235352124,0.207758447,0.183399968,0.525365023,0.574776113,0.630851988,0.646332807,0.670305188,0.678339024,0.685899503,0.701539332,0.712404941,0.736175365
bvod,15,Ten Play,P18-44,15sec,Ten PlayP18-4415sec,0.7,0.83,0.82,1,0.749585744,0.718791732,0.666284802,0.631655226,0.594093933,0.560780628,0.528273151,0.501074115,0.462396291,0.434131007,0.556232575,0.501468302,0.443174647,0.390698067,0.33780056,0.302020894,0.266610688,0.235352124,0.207758447,0.183399968,0.525365023,0.574776113,0.630851988,0.646332807,0.670305188,0.678339024,0.685899503,0.701539332,0.712404941,0.736175365
bvod,15,Seven Plus,P18-44,15sec,Seven PlusP18-4415sec,0.7,0.83,0.82,1,0.749585744,0.718791732,0.666284802,0.631655226,0.594093933,0.560780628,0.528273151,0.501074115,0.462396291,0.434131007,0.556232575,0.501468302,0.443174647,0.390698067,0.33780056,0.302020894,0.266610688,0.235352124,0.207758447,0.183399968,0.525365023,0.574776113,0.630851988,0.646332807,0.670305188,0.678339024,0.685899503,0.701539332,0.712404941,0.736175365
bvod,15,SBS On Demand,P18-44,15sec,SBS On DemandP18-4415sec,0.7,0.83,0.82,1,0.749585744,0.718791732,0.666284802,0.631655226,0.594093933,0.560780628,0.528273151,0.501074115,0.462396291,0.434131007,0.556232575,0.501468302,0.443174647,0.390698067,0.33780056,0.302020894,0.266610688,0.235352124,0.207758447,0.183399968,0.525365023,0.574776113,0.630851988,0.646332807,0.670305188,0.678339024,0.685899503,0.701539332,0.712404941,0.736175365
svod,15,Kayo,P18-44,15sec,KayoP18-4415sec,0.7,0.83,0.82,1,0.654412175,0.605484369,0.563687494,0.504031845,0.46496293,0.443538954,0.412654665,0.364351078,0.350816463,0.319185651,0.640879855,0.57811921,0.531891123,0.482968022,0.439988613,0.400833949,0.365163666,0.332667688,0.303063532,0.276093855,0.555673707,0.630014036,0.653853842,0.667391932,0.688861031,0.711262972,0.744496168,0.768086721,0.805732148,0.831843729
svod,15,Foxtel Go,P18-44,15sec,Foxtel GoP18-4415sec,0.7,0.83,0.82,1,0.654412175,0.605484369,0.563687494,0.504031845,0.46496293,0.443538954,0.412654665,0.364351078,0.350816463,0.319185651,0.640879855,0.57811921,0.531891123,0.482968022,0.439988613,0.400833949,0.365163666,0.332667688,0.303063532,0.276093855,0.555673707,0.630014036,0.653853842,0.667391932,0.688861031,0.711262972,0.744496168,0.768086721,0.805732148,0.831843729
svod,15,Binge,P18-44,15sec,BingeP18-4415sec,0.7,0.83,0.82,1,0.654412175,0.605484369,0.563687494,0.504031845,0.46496293,0.443538954,0.412654665,0.364351078,0.350816463,0.319185651,0.640879855,0.57811921,0.531891123,0.482968022,0.439988613,0.400833949,0.365163666,0.332667688,0.303063532,0.276093855,0.555673707,0.630014036,0.653853842,0.667391932,0.688861031,0.711262972,0.744496168,0.768086721,0.805732148,0.831843729
svod,15,Netflix,P18-44,15sec,NetflixP18-4415sec,0.7,0.83,0.82,1,0.654412175,0.605484369,0.563687494,0.504031845,0.46496293,0.443538954,0.412654665,0.364351078,0.350816463,0.319185651,0.640879855,0.57811921,0.531891123,0.482968022,0.439988613,0.400833949,0.365163666,0.332667688,0.303063532,0.276093855,0.555673707,0.630014036,0.653853842,0.667391932,0.688861031,0.711262972,0.744496168,0.768086721,0.805732148,0.831843729
svod,15,Optus Sport,P18-44,15sec,Optus SportP18-4415sec,0.7,0.83,0.82,1,0.654412175,0.605484369,0.563687494,0.504031845,0.46496293,0.443538954,0.412654665,0.364351078,0.350816463,0.319185651,0.640879855,0.57811921,0.531891123,0.482968022,0.439988613,0.400833949,0.365163666,0.332667688,0.303063532,0.276093855,0.555673707,0.630014036,0.653853842,0.667391932,0.688861031,0.711262972,0.744496168,0.768086721,0.805732148,0.831843729
svod,15,Amazon Prime,P18-44,15sec,Amazon PrimeP18-4415sec,0.7,0.83,0.82,1,0.654412175,0.605484369,0.563687494,0.504031845,0.46496293,0.443538954,0.412654665,0.364351078,0.350816463,0.319185651,0.640879855,0.57811921,0.531891123,0.482968022,0.439988613,0.400833949,0.365163666,0.332667688,0.303063532,0.276093855,0.555673707,0.630014036,0.653853842,0.667391932,0.688861031,0.711262972,0.744496168,0.768086721,0.805732148,0.831843729
svod,15,Samsung In-Stream,P18-44,15sec,Samsung In-StreamP18-4415sec,0.7,0.83,0.82,1,0.654412175,0.605484369,0.563687494,0.504031845,0.46496293,0.443538954,0.412654665,0.364351078,0.350816463,0.319185651,0.640879855,0.57811921,0.531891123,0.482968022,0.439988613,0.400833949,0.365163666,0.332667688,0.303063532,0.276093855,0.555673707,0.630014036,0.653853842,0.667391932,0.688861031,0.711262972,0.744496168,0.768086721,0.805732148,0.831843729
linear-tv-free,30,Linear TV Metro & Regional,P18-44,15sec,Linear TV Metro & RegionalP18-4415sec,0.78,0.82,0.32,0.46,0.377382786,0.312908825,0.273487219,0.246535407,0.229757063,0.200707725,0.18719518,0.171098099,0.155800337,0.141214046,0.817946473,0.790937016,0.736615041,0.689973185,0.65362421,0.625699867,0.584464342,0.551632486,0.534229524,0.510190199,0.381125921,0.430275765,0.473353866,0.491554374,0.512983003,0.524196665,0.546566347,0.552524296,0.572971159,0.606693592
linear-tv-free,30,Linear TV Metro,P18-44,15sec,Linear TV MetroP18-4415sec,0.78,0.82,0.32,0.46,0.377382786,0.312908825,0.273487219,0.246535407,0.229757063,0.200707725,0.18719518,0.171098099,0.155800337,0.141214046,0.817946473,0.790937016,0.736615041,0.689973185,0.65362421,0.625699867,0.584464342,0.551632486,0.534229524,0.510190199,0.381125921,0.430275765,0.473353866,0.491554374,0.512983003,0.524196665,0.546566347,0.552524296,0.572971159,0.606693592
linear-tv-free,30,Linear TV Regional,P18-44,15sec,Linear TV RegionalP18-4415sec,0.78,0.82,0.32,0.46,0.377382786,0.312908825,0.273487219,0.246535407,0.229757063,0.200707725,0.18719518,0.171098099,0.155800337,0.141214046,0.817946473,0.790937016,0.736615041,0.689973185,0.65362421,0.625699867,0.584464342,0.551632486,0.534229524,0.510190199,0.381125921,0.430275765,0.473353866,0.491554374,0.512983003,0.524196665,0.546566347,0.552524296,0.572971159,0.606693592
linear-tv-free,30,Linear TV Metro 5 Cap Seven Network,P18-44,15sec,Linear TV Metro 5 Cap Seven NetworkP18-4415sec,0.78,0.82,0.32,0.46,0.377382786,0.312908825,0.273487219,0.246535407,0.229757063,0.200707725,0.18719518,0.171098099,0.155800337,0.141214046,0.817946473,0.790937016,0.736615041,0.689973185,0.65362421,0.625699867,0.584464342,0.551632486,0.534229524,0.510190199,0.381125921,0.430275765,0.473353866,0.491554374,0.512983003,0.524196665,0.546566347,0.552524296,0.572971159,0.606693592
linear-tv-free,30,Linear TV Metro 5 Cap Nine Network,P18-44,15sec,Linear TV Metro 5 Cap Nine NetworkP18-4415sec,0.78,0.82,0.32,0.46,0.377382786,0.312908825,0.273487219,0.246535407,0.229757063,0.200707725,0.18719518,0.171098099,0.155800337,0.141214046,0.817946473,0.790937016,0.736615041,0.689973185,0.65362421,0.625699867,0.584464342,0.551632486,0.534229524,0.510190199,0.381125921,0.430275765,0.473353866,0.491554374,0.512983003,0.524196665,0.546566347,0.552524296,0.572971159,0.606693592
linear-tv-free,30,Linear TV Metro 5 Cap Ten Network,P18-44,15sec,Linear TV Metro 5 Cap Ten NetworkP18-4415sec,0.78,0.82,0.32,0.46,0.377382786,0.312908825,0.273487219,0.246535407,0.229757063,0.200707725,0.18719518,0.171098099,0.155800337,0.141214046,0.817946473,0.790937016,0.736615041,0.689973185,0.65362421,0.625699867,0.584464342,0.551632486,0.534229524,0.510190199,0.381125921,0.430275765,0.473353866,0.491554374,0.512983003,0.524196665,0.546566347,0.552524296,0.572971159,0.606693592
linear-tv-free,30,Linear TV Metro 5 Cap SBS Network,P18-44,15sec,Linear TV Metro 5 Cap SBS NetworkP18-4415sec,0.78,0.82,0.32,0.46,0.377382786,0.312908825,0.273487219,0.246535407,0.229757063,0.200707725,0.18719518,0.171098099,0.155800337,0.141214046,0.817946473,0.790937016,0.736615041,0.689973185,0.65362421,0.625699867,0.584464342,0.551632486,0.534229524,0.510190199,0.381125921,0.430275765,0.473353866,0.491554374,0.512983003,0.524196665,0.546566347,0.552524296,0.572971159,0.606693592
linear-tv-free,30,Linear TV Regional 4 Seven Network,P18-44,15sec,Linear TV Regional 4 Seven NetworkP18-4415sec,0.78,0.82,0.32,0.46,0.377382786,0.312908825,0.273487219,0.246535407,0.229757063,0.200707725,0.18719518,0.171098099,0.155800337,0.141214046,0.817946473,0.790937016,0.736615041,0.689973185,0.65362421,0.625699867,0.584464342,0.551632486,0.534229524,0.510190199,0.381125921,0.430275765,0.473353866,0.491554374,0.512983003,0.524196665,0.546566347,0.552524296,0.572971159,0.606693592
linear-tv-free,30,Linear TV Regional 4 Nine Network,P18-44,15sec,Linear TV Regional 4 Nine NetworkP18-4415sec,0.78,0.82,0.32,0.46,0.377382786,0.312908825,0.273487219,0.246535407,0.229757063,0.200707725,0.18719518,0.171098099,0.155800337,0.141214046,0.817946473,0.790937016,0.736615041,0.689973185,0.65362421,0.625699867,0.584464342,0.551632486,0.534229524,0.510190199,0.381125921,0.430275765,0.473353866,0.491554374,0.512983003,0.524196665,0.546566347,0.552524296,0.572971159,0.606693592
linear-tv-free,30,Linear TV Regional 4 Ten Network,P18-44,15sec,Linear TV Regional 4 Ten NetworkP18-4415sec,0.78,0.82,0.32,0.46,0.377382786,0.312908825,0.273487219,0.246535407,0.229757063,0.200707725,0.18719518,0.171098099,0.155800337,0.141214046,0.817946473,0.790937016,0.736615041,0.689973185,0.65362421,0.625699867,0.584464342,0.551632486,0.534229524,0.510190199,0.381125921,0.430275765,0.473353866,0.491554374,0.512983003,0.524196665,0.546566347,0.552524296,0.572971159,0.606693592
linear-tv-free,30,Linear TV Regional 4 SBS Network,P18-44,15sec,Linear TV Regional 4 SBS NetworkP18-4415sec,0.78,0.82,0.32,0.46,0.377382786,0.312908825,0.273487219,0.246535407,0.229757063,0.200707725,0.18719518,0.171098099,0.155800337,0.141214046,0.817946473,0.790937016,0.736615041,0.689973185,0.65362421,0.625699867,0.584464342,0.551632486,0.534229524,0.510190199,0.381125921,0.430275765,0.473353866,0.491554374,0.512983003,0.524196665,0.546566347,0.552524296,0.572971159,0.606693592
linear-tv-paid,30,Foxtel Linear,P18-44,15sec,Foxtel LinearP18-4415sec,0.78,0.82,0.32,0.46,0.377657227,0.339581133,0.303692185,0.288888914,0.268878345,0.254509279,0.240169041,0.225929713,0.215410877,0.199885034,0.706120474,0.677080952,0.633441843,0.619798615,0.611183226,0.596429551,0.573981949,0.560224894,0.551370796,0.53214211,0.530018815,0.555997924,0.572988278,0.588554192,0.60663569,0.614313707,0.619365642,0.62476691,0.630487027,0.6329433
youtube-nonskip,30,YouTube TrueView,P18-44,15sec,YouTube TrueViewP18-4415sec,0.21,0.72,0.23,0.72,0.814779638,0.74221642,0.599465864,0.532079046,0.473176157,0.436977382,0.383482102,0.369018889,0.305126219,0.247934226,0.894209199,0.802974919,0.671322194,0.558000066,0.491813006,0.445833106,0.406987656,0.323828611,0.242501537,0.235415804,0.677382967,0.7359008,0.768755147,0.780153858,0.796388503,0.796388503,0.826283478,0.854208581,0.871213339,0.886539972
youtube-nonskip,30,YouTube Instant Reserve,P18-44,15sec,YouTube Instant ReserveP18-4415sec,0.77,0.86,0.53,0.83,0.814779638,0.74221642,0.599465864,0.532079046,0.473176157,0.436977382,0.383482102,0.369018889,0.305126219,0.247934226,0.894209199,0.802974919,0.671322194,0.558000066,0.491813006,0.445833106,0.406987656,0.323828611,0.242501537,0.235415804,0.677382967,0.7359008,0.768755147,0.780153858,0.796388503,0.796388503,0.826283478,0.854208581,0.871213339,0.886539972
youtube-nonskip,30,YouTube Select,P18-44,15sec,YouTube SelectP18-4415sec,0.77,0.86,0.53,0.83,0.814779638,0.74221642,0.599465864,0.532079046,0.473176157,0.436977382,0.383482102,0.369018889,0.305126219,0.247934226,0.894209199,0.802974919,0.671322194,0.558000066,0.491813006,0.445833106,0.406987656,0.323828611,0.242501537,0.235415804,0.677382967,0.7359008,0.768755147,0.780153858,0.796388503,0.796388503,0.826283478,0.854208581,0.871213339,0.886539972
youtube-nonskip,30,YouTube OMG Select,P18-44,15sec,YouTube OMG SelectP18-4415sec,0.77,0.86,0.53,0.83,0.814779638,0.74221642,0.599465864,0.532079046,0.473176157,0.436977382,0.383482102,0.369018889,0.305126219,0.247934226,0.894209199,0.802974919,0.671322194,0.558000066,0.491813006,0.445833106,0.406987656,0.323828611,0.242501537,0.235415804,0.677382967,0.7359008,0.768755147,0.780153858,0.796388503,0.796388503,0.826283478,0.854208581,0.871213339,0.886539972
bvod,30,Nine Now,P18-44,15sec,Nine NowP18-4415sec,0.7,0.83,0.82,1,0.743347343,0.717539698,0.675727308,0.641011528,0.617605609,0.595326281,0.577817263,0.555038831,0.525183062,0.517292612,0.670182405,0.628846941,0.591614612,0.538893282,0.518858641,0.480691787,0.449711186,0.420727286,0.393611399,0.368243131,0.534321621,0.594912719,0.638431269,0.646320089,0.657417687,0.662628063,0.665479276,0.705430314,0.717290374,0.725357532
bvod,30,Ten Play,P18-44,15sec,Ten PlayP18-4415sec,0.7,0.83,0.82,1,0.743347343,0.717539698,0.675727308,0.641011528,0.617605609,0.595326281,0.577817263,0.555038831,0.525183062,0.517292612,0.670182405,0.628846941,0.591614612,0.538893282,0.518858641,0.480691787,0.449711186,0.420727286,0.393611399,0.368243131,0.534321621,0.594912719,0.638431269,0.646320089,0.657417687,0.662628063,0.665479276,0.705430314,0.717290374,0.725357532
bvod,30,Seven Plus,P18-44,15sec,Seven PlusP18-4415sec,0.7,0.83,0.82,1,0.743347343,0.717539698,0.675727308,0.641011528,0.617605609,0.595326281,0.577817263,0.555038831,0.525183062,0.517292612,0.670182405,0.628846941,0.591614612,0.538893282,0.518858641,0.480691787,0.449711186,0.420727286,0.393611399,0.368243131,0.534321621,0.594912719,0.638431269,0.646320089,0.657417687,0.662628063,0.665479276,0.705430314,0.717290374,0.725357532
bvod,30,SBS On Demand,P18-44,15sec,SBS On DemandP18-4415sec,0.7,0.83,0.82,1,0.743347343,0.717539698,0.675727308,0.641011528,0.617605609,0.595326281,0.577817263,0.555038831,0.525183062,0.517292612,0.670182405,0.628846941,0.591614612,0.538893282,0.518858641,0.480691787,0.449711186,0.420727286,0.393611399,0.368243131,0.534321621,0.594912719,0.638431269,0.646320089,0.657417687,0.662628063,0.665479276,0.705430314,0.717290374,0.725357532
svod,30,Kayo,P18-44,15sec,KayoP18-4415sec,0.7,0.83,0.82,1,0.64982938,0.613423758,0.575974517,0.540806545,0.52316135,0.515575647,0.501323246,0.476339853,0.469079654,0.462736613,0.636391826,0.585699774,0.543485063,0.518205882,0.495061051,0.465934775,0.443627687,0.434918097,0.405228806,0.400264658,0.530618148,0.571267747,0.615545644,0.626162621,0.665346779,0.687474093,0.70344024,0.724249953,0.735416657,0.738030213
svod,30,Foxtel Go,P18-44,15sec,Foxtel GoP18-4415sec,0.7,0.83,0.82,1,0.64982938,0.613423758,0.575974517,0.540806545,0.52316135,0.515575647,0.501323246,0.476339853,0.469079654,0.462736613,0.636391826,0.585699774,0.543485063,0.518205882,0.495061051,0.465934775,0.443627687,0.434918097,0.405228806,0.400264658,0.530618148,0.571267747,0.615545644,0.626162621,0.665346779,0.687474093,0.70344024,0.724249953,0.735416657,0.738030213
svod,30,Binge,P18-44,15sec,BingeP18-4415sec,0.7,0.83,0.82,1,0.64982938,0.613423758,0.575974517,0.540806545,0.52316135,0.515575647,0.501323246,0.476339853,0.469079654,0.462736613,0.636391826,0.585699774,0.543485063,0.518205882,0.495061051,0.465934775,0.443627687,0.434918097,0.405228806,0.400264658,0.530618148,0.571267747,0.615545644,0.626162621,0.665346779,0.687474093,0.70344024,0.724249953,0.735416657,0.738030213
svod,30,Netflix,P18-44,15sec,NetflixP18-4415sec,0.7,0.83,0.82,1,0.64982938,0.613423758,0.575974517,0.540806545,0.52316135,0.515575647,0.501323246,0.476339853,0.469079654,0.462736613,0.636391826,0.585699774,0.543485063,0.518205882,0.495061051,0.465934775,0.443627687,0.434918097,0.405228806,0.400264658,0.530618148,0.571267747,0.615545644,0.626162621,0.665346779,0.687474093,0.70344024,0.724249953,0.735416657,0.738030213
svod,30,Optus Sport,P18-44,15sec,Optus SportP18-4415sec,0.7,0.83,0.82,1,0.64982938,0.613423758,0.575974517,0.540806545,0.52316135,0.515575647,0.501323246,0.476339853,0.469079654,0.462736613,0.636391826,0.585699774,0.543485063,0.518205882,0.495061051,0.465934775,0.443627687,0.434918097,0.405228806,0.400264658,0.530618148,0.571267747,0.615545644,0.626162621,0.665346779,0.687474093,0.70344024,0.724249953,0.735416657,0.738030213
svod,30,Amazon Prime,P18-44,15sec,Amazon PrimeP18-4415sec,0.7,0.83,0.82,1,0.64982938,0.613423758,0.575974517,0.540806545,0.52316135,0.515575647,0.501323246,0.476339853,0.469079654,0.462736613,0.636391826,0.585699774,0.543485063,0.518205882,0.495061051,0.465934775,0.443627687,0.434918097,0.405228806,0.400264658,0.530618148,0.571267747,0.615545644,0.626162621,0.665346779,0.687474093,0.70344024,0.724249953,0.735416657,0.738030213
svod,30,Samsung In-Stream,P18-44,15sec,Samsung In-StreamP18-4415sec,0.7,0.83,0.82,1,0.64982938,0.613423758,0.575974517,0.540806545,0.52316135,0.515575647,0.501323246,0.476339853,0.469079654,0.462736613,0.636391826,0.585699774,0.543485063,0.518205882,0.495061051,0.465934775,0.443627687,0.434918097,0.405228806,0.400264658,0.530618148,0.571267747,0.615545644,0.626162621,0.665346779,0.687474093,0.70344024,0.724249953,0.735416657,0.738030213
linear-tv-free,15,Linear TV Metro & Regional,P18-64,15sec,Linear TV Metro & RegionalP18-6415sec,0.78,0.82,0.32,0.46,0.483320757,0.433540463,0.401378861,0.367312813,0.34682159,0.326340702,0.312608058,0.27759066,0.224910551,0.19809433,0.694073166,0.663681797,0.600930492,0.54158557,0.511885467,0.464663341,0.419002174,0.392399285,0.367870965,0.338292529,0.411758472,0.449430015,0.492799538,0.533966715,0.55326323,0.559892583,0.6041356,0.637308319,0.65869551,0.680512984
linear-tv-free,15,Linear TV Metro,P18-64,15sec,Linear TV MetroP18-6415sec,0.78,0.82,0.32,0.46,0.483320757,0.433540463,0.401378861,0.367312813,0.34682159,0.326340702,0.312608058,0.27759066,0.224910551,0.19809433,0.694073166,0.663681797,0.600930492,0.54158557,0.511885467,0.464663341,0.419002174,0.392399285,0.367870965,0.338292529,0.411758472,0.449430015,0.492799538,0.533966715,0.55326323,0.559892583,0.6041356,0.637308319,0.65869551,0.680512984
linear-tv-free,15,Linear TV Regional,P18-64,15sec,Linear TV RegionalP18-6415sec,0.78,0.82,0.32,0.46,0.483320757,0.433540463,0.401378861,0.367312813,0.34682159,0.326340702,0.312608058,0.27759066,0.224910551,0.19809433,0.694073166,0.663681797,0.600930492,0.54158557,0.511885467,0.464663341,0.419002174,0.392399285,0.367870965,0.338292529,0.411758472,0.449430015,0.492799538,0.533966715,0.55326323,0.559892583,0.6041356,0.637308319,0.65869551,0.680512984
linear-tv-free,15,Linear TV Metro 5 Cap Seven Network,P18-64,15sec,Linear TV Metro 5 Cap Seven NetworkP18-6415sec,0.78,0.82,0.32,0.46,0.483320757,0.433540463,0.401378861,0.367312813,0.34682159,0.326340702,0.312608058,0.27759066,0.224910551,0.19809433,0.694073166,0.663681797,0.600930492,0.54158557,0.511885467,0.464663341,0.419002174,0.392399285,0.367870965,0.338292529,0.411758472,0.449430015,0.492799538,0.533966715,0.55326323,0.559892583,0.6041356,0.637308319,0.65869551,0.680512984
linear-tv-free,15,Linear TV Metro 5 Cap Nine Network,P18-64,15sec,Linear TV Metro 5 Cap Nine NetworkP18-6415sec,0.78,0.82,0.32,0.46,0.483320757,0.433540463,0.401378861,0.367312813,0.34682159,0.326340702,0.312608058,0.27759066,0.224910551,0.19809433,0.694073166,0.663681797,0.600930492,0.54158557,0.511885467,0.464663341,0.419002174,0.392399285,0.367870965,0.338292529,0.411758472,0.449430015,0.492799538,0.533966715,0.55326323,0.559892583,0.6041356,0.637308319,0.65869551,0.680512984
linear-tv-free,15,Linear TV Metro 5 Cap Ten Network,P18-64,15sec,Linear TV Metro 5 Cap Ten NetworkP18-6415sec,0.78,0.82,0.32,0.46,0.483320757,0.433540463,0.401378861,0.367312813,0.34682159,0.326340702,0.312608058,0.27759066,0.224910551,0.19809433,0.694073166,0.663681797,0.600930492,0.54158557,0.511885467,0.464663341,0.419002174,0.392399285,0.367870965,0.338292529,0.411758472,0.449430015,0.492799538,0.533966715,0.55326323,0.559892583,0.6041356,0.637308319,0.65869551,0.680512984
linear-tv-free,15,Linear TV Metro 5 Cap SBS Network,P18-64,15sec,Linear TV Metro 5 Cap SBS NetworkP18-6415sec,0.78,0.82,0.32,0.46,0.483320757,0.433540463,0.401378861,0.367312813,0.34682159,0.326340702,0.312608058,0.27759066,0.224910551,0.19809433,0.694073166,0.663681797,0.600930492,0.54158557,0.511885467,0.464663341,0.419002174,0.392399285,0.367870965,0.338292529,0.411758472,0.449430015,0.492799538,0.533966715,0.55326323,0.559892583,0.6041356,0.637308319,0.65869551,0.680512984
linear-tv-free,15,Linear TV Regional 4 Seven Network,P18-64,15sec,Linear TV Regional 4 Seven NetworkP18-6415sec,0.78,0.82,0.32,0.46,0.483320757,0.433540463,0.401378861,0.367312813,0.34682159,0.326340702,0.312608058,0.27759066,0.224910551,0.19809433,0.694073166,0.663681797,0.600930492,0.54158557,0.511885467,0.464663341,0.419002174,0.392399285,0.367870965,0.338292529,0.411758472,0.449430015,0.492799538,0.533966715,0.55326323,0.559892583,0.6041356,0.637308319,0.65869551,0.680512984
linear-tv-free,15,Linear TV Regional 4 Nine Network,P18-64,15sec,Linear TV Regional 4 Nine NetworkP18-6415sec,0.78,0.82,0.32,0.46,0.483320757,0.433540463,0.401378861,0.367312813,0.34682159,0.326340702,0.312608058,0.27759066,0.224910551,0.19809433,0.694073166,0.663681797,0.600930492,0.54158557,0.511885467,0.464663341,0.419002174,0.392399285,0.367870965,0.338292529,0.411758472,0.449430015,0.492799538,0.533966715,0.55326323,0.559892583,0.6041356,0.637308319,0.65869551,0.680512984
linear-tv-free,15,Linear TV Regional 4 Ten Network,P18-64,15sec,Linear TV Regional 4 Ten NetworkP18-6415sec,0.78,0.82,0.32,0.46,0.483320757,0.433540463,0.401378861,0.367312813,0.34682159,0.326340702,0.312608058,0.27759066,0.224910551,0.19809433,0.694073166,0.663681797,0.600930492,0.54158557,0.511885467,0.464663341,0.419002174,0.392399285,0.367870965,0.338292529,0.411758472,0.449430015,0.492799538,0.533966715,0.55326323,0.559892583,0.6041356,0.637308319,0.65869551,0.680512984
linear-tv-free,15,Linear TV Regional 4 SBS Network,P18-64,15sec,Linear TV Regional 4 SBS NetworkP18-6415sec,0.78,0.82,0.32,0.46,0.483320757,0.433540463,0.401378861,0.367312813,0.34682159,0.326340702,0.312608058,0.27759066,0.224910551,0.19809433,0.694073166,0.663681797,0.600930492,0.54158557,0.511885467,0.464663341,0.419002174,0.392399285,0.367870965,0.338292529,0.411758472,0.449430015,0.492799538,0.533966715,0.55326323,0.559892583,0.6041356,0.637308319,0.65869551,0.680512984
linear-tv-paid,15,Foxtel Linear,P18-64,15sec,Foxtel LinearP18-6415sec,0.78,0.82,0.32,0.46,0.340456443,0.290985003,0.264612702,0.252639667,0.239321026,0.21543319,0.195190731,0.173125437,0.161980178,0.15002014,0.69639567,0.654777759,0.616493832,0.600419291,0.585477449,0.559668804,0.540208388,0.518812718,0.498350607,0.476748866,0.596439463,0.622910325,0.634326541,0.643377641,0.655237871,0.661095123,0.668317522,0.682039649,0.692588055,0.696623151
youtube-nonskip,15,YouTube TrueView,P18-64,15sec,YouTube TrueViewP18-6415sec,0.21,0.72,0.23,0.72,0.891592219,0.847026328,0.755810267,0.71373304,0.606090091,0.575780639,0.546835124,0.526975502,0.337609465,0.287527485,0.8698147,0.816272303,0.743297887,0.609491743,0.577670921,0.549112052,0.530436284,0.464643565,0.260442507,0.257035892,0.709926054,0.783494344,0.808635887,0.816882198,0.829289933,0.829289933,0.853933063,0.875603597,0.888663479,0.899767252
youtube-nonskip,15,YouTube Instant Reserve,P18-64,15sec,YouTube Instant ReserveP18-6415sec,0.77,0.86,0.53,0.83,0.891592219,0.847026328,0.755810267,0.71373304,0.606090091,0.575780639,0.546835124,0.526975502,0.337609465,0.287527485,0.8698147,0.816272303,0.743297887,0.609491743,0.577670921,0.549112052,0.530436284,0.464643565,0.260442507,0.257035892,0.709926054,0.783494344,0.808635887,0.816882198,0.829289933,0.829289933,0.853933063,0.875603597,0.888663479,0.899767252
youtube-nonskip,15,YouTube Select,P18-64,15sec,YouTube SelectP18-6415sec,0.77,0.86,0.53,0.83,0.891592219,0.847026328,0.755810267,0.71373304,0.606090091,0.575780639,0.546835124,0.526975502,0.337609465,0.287527485,0.8698147,0.816272303,0.743297887,0.609491743,0.577670921,0.549112052,0.530436284,0.464643565,0.260442507,0.257035892,0.709926054,0.783494344,0.808635887,0.816882198,0.829289933,0.829289933,0.853933063,0.875603597,0.888663479,0.899767252
youtube-nonskip,15,YouTube OMG Select,P18-64,15sec,YouTube OMG SelectP18-6415sec,0.77,0.86,0.53,0.83,0.891592219,0.847026328,0.755810267,0.71373304,0.606090091,0.575780639,0.546835124,0.526975502,0.337609465,0.287527485,0.8698147,0.816272303,0.743297887,0.609491743,0.577670921,0.549112052,0.530436284,0.464643565,0.260442507,0.257035892,0.709926054,0.783494344,0.808635887,0.816882198,0.829289933,0.829289933,0.853933063,0.875603597,0.888663479,0.899767252
bvod,15,Nine Now,P18-64,15sec,Nine NowP18-6415sec,0.7,0.83,0.82,1,0.836371787,0.814361022,0.779460661,0.752338331,0.725214407,0.69732359,0.674024128,0.653741722,0.626419818,0.597953984,0.487554053,0.419472292,0.370055506,0.316310832,0.280418968,0.242368893,0.210947742,0.183600087,0.159797832,0.139081346,0.624322374,0.703376332,0.752700531,0.765954423,0.778641928,0.775781283,0.781227455,0.791566457,0.798398192,0.811286761
bvod,15,Ten Play,P18-64,15sec,Ten PlayP18-6415sec,0.7,0.83,0.82,1,0.836371787,0.814361022,0.779460661,0.752338331,0.725214407,0.69732359,0.674024128,0.653741722,0.626419818,0.597953984,0.487554053,0.419472292,0.370055506,0.316310832,0.280418968,0.242368893,0.210947742,0.183600087,0.159797832,0.139081346,0.624322374,0.703376332,0.752700531,0.765954423,0.778641928,0.775781283,0.781227455,0.791566457,0.798398192,0.811286761
bvod,15,Seven Plus,P18-64,15sec,Seven PlusP18-6415sec,0.7,0.83,0.82,1,0.836371787,0.814361022,0.779460661,0.752338331,0.725214407,0.69732359,0.674024128,0.653741722,0.626419818,0.597953984,0.487554053,0.419472292,0.370055506,0.316310832,0.280418968,0.242368893,0.210947742,0.183600087,0.159797832,0.139081346,0.624322374,0.703376332,0.752700531,0.765954423,0.778641928,0.775781283,0.781227455,0.791566457,0.798398192,0.811286761
bvod,15,SBS On Demand,P18-64,15sec,SBS On DemandP18-6415sec,0.7,0.83,0.82,1,0.836371787,0.814361022,0.779460661,0.752338331,0.725214407,0.69732359,0.674024128,0.653741722,0.626419818,0.597953984,0.487554053,0.419472292,0.370055506,0.316310832,0.280418968,0.242368893,0.210947742,0.183600087,0.159797832,0.139081346,0.624322374,0.703376332,0.752700531,0.765954423,0.778641928,0.775781283,0.781227455,0.791566457,0.798398192,0.811286761
svod,15,Kayo,P18-64,15sec,KayoP18-6415sec,0.7,0.83,0.82,1,0.709142011,0.667005352,0.639860532,0.542901109,0.493897305,0.469425697,0.441939892,0.408715357,0.399662439,0.378957917,0.588238645,0.523663752,0.477327696,0.428289389,0.385805891,0.347536478,0.31306314,0.28200933,0.254035855,0.228837165,0.550161595,0.618135631,0.644418428,0.65517026,0.670989325,0.709651859,0.727750973,0.741214184,0.762544307,0.780540944
svod,15,Foxtel Go,P18-64,15sec,Foxtel GoP18-6415sec,0.7,0.83,0.82,1,0.709142011,0.667005352,0.639860532,0.542901109,0.493897305,0.469425697,0.441939892,0.408715357,0.399662439,0.378957917,0.588238645,0.523663752,0.477327696,0.428289389,0.385805891,0.347536478,0.31306314,0.28200933,0.254035855,0.228837165,0.550161595,0.618135631,0.644418428,0.65517026,0.670989325,0.709651859,0.727750973,0.741214184,0.762544307,0.780540944
svod,15,Binge,P18-64,15sec,BingeP18-6415sec,0.7,0.83,0.82,1,0.709142011,0.667005352,0.639860532,0.542901109,0.493897305,0.469425697,0.441939892,0.408715357,0.399662439,0.378957917,0.588238645,0.523663752,0.477327696,0.428289389,0.385805891,0.347536478,0.31306314,0.28200933,0.254035855,0.228837165,0.550161595,0.618135631,0.644418428,0.65517026,0.670989325,0.709651859,0.727750973,0.741214184,0.762544307,0.780540944
svod,15,Netflix,P18-64,15sec,NetflixP18-6415sec,0.7,0.83,0.82,1,0.709142011,0.667005352,0.639860532,0.542901109,0.493897305,0.469425697,0.441939892,0.408715357,0.399662439,0.378957917,0.588238645,0.523663752,0.477327696,0.428289389,0.385805891,0.347536478,0.31306314,0.28200933,0.254035855,0.228837165,0.550161595,0.618135631,0.644418428,0.65517026,0.670989325,0.709651859,0.727750973,0.741214184,0.762544307,0.780540944
svod,15,Optus Sport,P18-64,15sec,Optus SportP18-6415sec,0.7,0.83,0.82,1,0.709142011,0.667005352,0.639860532,0.542901109,0.493897305,0.469425697,0.441939892,0.408715357,0.399662439,0.378957917,0.588238645,0.523663752,0.477327696,0.428289389,0.385805891,0.347536478,0.31306314,0.28200933,0.254035855,0.228837165,0.550161595,0.618135631,0.644418428,0.65517026,0.670989325,0.709651859,0.727750973,0.741214184,0.762544307,0.780540944
svod,15,Amazon Prime,P18-64,15sec,Amazon PrimeP18-6415sec,0.7,0.83,0.82,1,0.709142011,0.667005352,0.639860532,0.542901109,0.493897305,0.469425697,0.441939892,0.408715357,0.399662439,0.378957917,0.588238645,0.523663752,0.477327696,0.428289389,0.385805891,0.347536478,0.31306314,0.28200933,0.254035855,0.228837165,0.550161595,0.618135631,0.644418428,0.65517026,0.670989325,0.709651859,0.727750973,0.741214184,0.762544307,0.780540944
svod,15,Samsung In-Stream,P18-64,15sec,Samsung In-StreamP18-6415sec,0.7,0.83,0.82,1,0.709142011,0.667005352,0.639860532,0.542901109,0.493897305,0.469425697,0.441939892,0.408715357,0.399662439,0.378957917,0.588238645,0.523663752,0.477327696,0.428289389,0.385805891,0.347536478,0.31306314,0.28200933,0.254035855,0.228837165,0.550161595,0.618135631,0.644418428,0.65517026,0.670989325,0.709651859,0.727750973,0.741214184,0.762544307,0.780540944
linear-tv-free,30,Linear TV Metro & Regional,P18-64,15sec,Linear TV Metro & RegionalP18-6415sec,0.78,0.82,0.32,0.46,0.51376183,0.470860161,0.427719199,0.39351852,0.375382881,0.354897032,0.343877965,0.309892922,0.269147945,0.242505129,0.740090201,0.710574078,0.64786949,0.59596867,0.569789164,0.535846468,0.492361765,0.472873609,0.459233323,0.438774734,0.388012121,0.43076644,0.487759437,0.516524128,0.536794398,0.545181316,0.587447927,0.620764987,0.63248115,0.652602239
linear-tv-free,30,Linear TV Metro,P18-64,15sec,Linear TV MetroP18-6415sec,0.78,0.82,0.32,0.46,0.51376183,0.470860161,0.427719199,0.39351852,0.375382881,0.354897032,0.343877965,0.309892922,0.269147945,0.242505129,0.740090201,0.710574078,0.64786949,0.59596867,0.569789164,0.535846468,0.492361765,0.472873609,0.459233323,0.438774734,0.388012121,0.43076644,0.487759437,0.516524128,0.536794398,0.545181316,0.587447927,0.620764987,0.63248115,0.652602239
linear-tv-free,30,Linear TV Regional,P18-64,15sec,Linear TV RegionalP18-6415sec,0.78,0.82,0.32,0.46,0.51376183,0.470860161,0.427719199,0.39351852,0.375382881,0.354897032,0.343877965,0.309892922,0.269147945,0.242505129,0.740090201,0.710574078,0.64786949,0.59596867,0.569789164,0.535846468,0.492361765,0.472873609,0.459233323,0.438774734,0.388012121,0.43076644,0.487759437,0.516524128,0.536794398,0.545181316,0.587447927,0.620764987,0.63248115,0.652602239
linear-tv-free,30,Linear TV Metro 5 Cap Seven Network,P18-64,15sec,Linear TV Metro 5 Cap Seven NetworkP18-6415sec,0.78,0.82,0.32,0.46,0.51376183,0.470860161,0.427719199,0.39351852,0.375382881,0.354897032,0.343877965,0.309892922,0.269147945,0.242505129,0.740090201,0.710574078,0.64786949,0.59596867,0.569789164,0.535846468,0.492361765,0.472873609,0.459233323,0.438774734,0.388012121,0.43076644,0.487759437,0.516524128,0.536794398,0.545181316,0.587447927,0.620764987,0.63248115,0.652602239
linear-tv-free,30,Linear TV Metro 5 Cap Nine Network,P18-64,15sec,Linear TV Metro 5 Cap Nine NetworkP18-6415sec,0.78,0.82,0.32,0.46,0.51376183,0.470860161,0.427719199,0.39351852,0.375382881,0.354897032,0.343877965,0.309892922,0.269147945,0.242505129,0.740090201,0.710574078,0.64786949,0.59596867,0.569789164,0.535846468,0.492361765,0.472873609,0.459233323,0.438774734,0.388012121,0.43076644,0.487759437,0.516524128,0.536794398,0.545181316,0.587447927,0.620764987,0.63248115,0.652602239
linear-tv-free,30,Linear TV Metro 5 Cap Ten Network,P18-64,15sec,Linear TV Metro 5 Cap Ten NetworkP18-6415sec,0.78,0.82,0.32,0.46,0.51376183,0.470860161,0.427719199,0.39351852,0.375382881,0.354897032,0.343877965,0.309892922,0.269147945,0.242505129,0.740090201,0.710574078,0.64786949,0.59596867,0.569789164,0.535846468,0.492361765,0.472873609,0.459233323,0.438774734,0.388012121,0.43076644,0.487759437,0.516524128,0.536794398,0.545181316,0.587447927,0.620764987,0.63248115,0.652602239
linear-tv-free,30,Linear TV Metro 5 Cap SBS Network,P18-64,15sec,Linear TV Metro 5 Cap SBS NetworkP18-6415sec,0.78,0.82,0.32,0.46,0.51376183,0.470860161,0.427719199,0.39351852,0.375382881,0.354897032,0.343877965,0.309892922,0.269147945,0.242505129,0.740090201,0.710574078,0.64786949,0.59596867,0.569789164,0.535846468,0.492361765,0.472873609,0.459233323,0.438774734,0.388012121,0.43076644,0.487759437,0.516524128,0.536794398,0.545181316,0.587447927,0.620764987,0.63248115,0.652602239
linear-tv-free,30,Linear TV Regional 4 Seven Network,P18-64,15sec,Linear TV Regional 4 Seven NetworkP18-6415sec,0.78,0.82,0.32,0.46,0.51376183,0.470860161,0.427719199,0.39351852,0.375382881,0.354897032,0.343877965,0.309892922,0.269147945,0.242505129,0.740090201,0.710574078,0.64786949,0.59596867,0.569789164,0.535846468,0.492361765,0.472873609,0.459233323,0.438774734,0.388012121,0.43076644,0.487759437,0.516524128,0.536794398,0.545181316,0.587447927,0.620764987,0.63248115,0.652602239
linear-tv-free,30,Linear TV Regional 4 Nine Network,P18-64,15sec,Linear TV Regional 4 Nine NetworkP18-6415sec,0.78,0.82,0.32,0.46,0.51376183,0.470860161,0.427719199,0.39351852,0.375382881,0.354897032,0.343877965,0.309892922,0.269147945,0.242505129,0.740090201,0.710574078,0.64786949,0.59596867,0.569789164,0.535846468,0.492361765,0.472873609,0.459233323,0.438774734,0.388012121,0.43076644,0.487759437,0.516524128,0.536794398,0.545181316,0.587447927,0.620764987,0.63248115,0.652602239
linear-tv-free,30,Linear TV Regional 4 Ten Network,P18-64,15sec,Linear TV Regional 4 Ten NetworkP18-6415sec,0.78,0.82,0.32,0.46,0.51376183,0.470860161,0.427719199,0.39351852,0.375382881,0.354897032,0.343877965,0.309892922,0.269147945,0.242505129,0.740090201,0.710574078,0.64786949,0.59596867,0.569789164,0.535846468,0.492361765,0.472873609,0.459233323,0.438774734,0.388012121,0.43076644,0.487759437,0.516524128,0.536794398,0.545181316,0.587447927,0.620764987,0.63248115,0.652602239
linear-tv-free,30,Linear TV Regional 4 SBS Network,P18-64,15sec,Linear TV Regional 4 SBS NetworkP18-6415sec,0.78,0.82,0.32,0.46,0.51376183,0.470860161,0.427719199,0.39351852,0.375382881,0.354897032,0.343877965,0.309892922,0.269147945,0.242505129,0.740090201,0.710574078,0.64786949,0.59596867,0.569789164,0.535846468,0.492361765,0.472873609,0.459233323,0.438774734,0.388012121,0.43076644,0.487759437,0.516524128,0.536794398,0.545181316,0.587447927,0.620764987,0.63248115,0.652602239
linear-tv-paid,30,Foxtel Linear,P18-64,15sec,Foxtel LinearP18-6415sec,0.78,0.82,0.32,0.46,0.379673361,0.344665454,0.314458477,0.300418821,0.282672928,0.270065723,0.254809948,0.24042109,0.229030029,0.216469021,0.700766483,0.662246539,0.618635673,0.604360715,0.593088572,0.574932438,0.553965807,0.537695375,0.528518628,0.509796046,0.52006277,0.548607667,0.564147476,0.577875897,0.594661561,0.601249184,0.605895762,0.613932298,0.622208263,0.624763548
youtube-nonskip,30,YouTube TrueView,P18-64,15sec,YouTube TrueViewP18-6415sec,0.21,0.72,0.23,0.72,0.891592219,0.847026328,0.755810267,0.71373304,0.606090091,0.575780639,0.546835124,0.526975502,0.337609465,0.287527485,0.8698147,0.816272303,0.743297887,0.609491743,0.577670921,0.549112052,0.530436284,0.464643565,0.260442507,0.257035892,0.709926054,0.783494344,0.808635887,0.816882198,0.829289933,0.829289933,0.853933063,0.875603597,0.888663479,0.899767252
youtube-nonskip,30,YouTube Instant Reserve,P18-64,15sec,YouTube Instant ReserveP18-6415sec,0.77,0.86,0.53,0.83,0.891592219,0.847026328,0.755810267,0.71373304,0.606090091,0.575780639,0.546835124,0.526975502,0.337609465,0.287527485,0.8698147,0.816272303,0.743297887,0.609491743,0.577670921,0.549112052,0.530436284,0.464643565,0.260442507,0.257035892,0.709926054,0.783494344,0.808635887,0.816882198,0.829289933,0.829289933,0.853933063,0.875603597,0.888663479,0.899767252
youtube-nonskip,30,YouTube Select,P18-64,15sec,YouTube SelectP18-6415sec,0.77,0.86,0.53,0.83,0.891592219,0.847026328,0.755810267,0.71373304,0.606090091,0.575780639,0.546835124,0.526975502,0.337609465,0.287527485,0.8698147,0.816272303,0.743297887,0.609491743,0.577670921,0.549112052,0.530436284,0.464643565,0.260442507,0.257035892,0.709926054,0.783494344,0.808635887,0.816882198,0.829289933,0.829289933,0.853933063,0.875603597,0.888663479,0.899767252
youtube-nonskip,30,YouTube OMG Select,P18-64,15sec,YouTube OMG SelectP18-6415sec,0.77,0.86,0.53,0.83,0.891592219,0.847026328,0.755810267,0.71373304,0.606090091,0.575780639,0.546835124,0.526975502,0.337609465,0.287527485,0.8698147,0.816272303,0.743297887,0.609491743,0.577670921,0.549112052,0.530436284,0.464643565,0.260442507,0.257035892,0.709926054,0.783494344,0.808635887,0.816882198,0.829289933,0.829289933,0.853933063,0.875603597,0.888663479,0.899767252
bvod,30,Nine Now,P18-64,15sec,Nine NowP18-6415sec,0.7,0.83,0.82,1,0.846488063,0.824619407,0.800131077,0.778239468,0.755102098,0.738646159,0.72929676,0.717724503,0.700226664,0.688835216,0.523635668,0.473228884,0.424865024,0.384726057,0.369815084,0.329226573,0.300811196,0.274848336,0.251126317,0.229451734,0.625934474,0.694786617,0.749824515,0.757032988,0.773527483,0.803675619,0.8050464,0.826116843,0.7678168,0.774596315
bvod,30,Ten Play,P18-64,15sec,Ten PlayP18-6415sec,0.7,0.83,0.82,1,0.846488063,0.824619407,0.800131077,0.778239468,0.755102098,0.738646159,0.72929676,0.717724503,0.700226664,0.688835216,0.523635668,0.473228884,0.424865024,0.384726057,0.369815084,0.329226573,0.300811196,0.274848336,0.251126317,0.229451734,0.625934474,0.694786617,0.749824515,0.757032988,0.773527483,0.803675619,0.8050464,0.826116843,0.7678168,0.774596315
bvod,30,Seven Plus,P18-64,15sec,Seven PlusP18-6415sec,0.7,0.83,0.82,1,0.846488063,0.824619407,0.800131077,0.778239468,0.755102098,0.738646159,0.72929676,0.717724503,0.700226664,0.688835216,0.523635668,0.473228884,0.424865024,0.384726057,0.369815084,0.329226573,0.300811196,0.274848336,0.251126317,0.229451734,0.625934474,0.694786617,0.749824515,0.757032988,0.773527483,0.803675619,0.8050464,0.826116843,0.7678168,0.774596315
bvod,30,SBS On Demand,P18-64,15sec,SBS On DemandP18-6415sec,0.7,0.83,0.82,1,0.846488063,0.824619407,0.800131077,0.778239468,0.755102098,0.738646159,0.72929676,0.717724503,0.700226664,0.688835216,0.523635668,0.473228884,0.424865024,0.384726057,0.369815084,0.329226573,0.300811196,0.274848336,0.251126317,0.229451734,0.625934474,0.694786617,0.749824515,0.757032988,0.773527483,0.803675619,0.8050464,0.826116843,0.7678168,0.774596315
svod,30,Kayo,P18-64,15sec,KayoP18-6415sec,0.7,0.83,0.82,1,0.726812396,0.70027642,0.671791139,0.645245474,0.626702829,0.614260771,0.596506434,0.54848896,0.543312768,0.539841793,0.602896363,0.54978476,0.501147516,0.50902786,0.489546392,0.45476425,0.422555602,0.378451658,0.345343745,0.325988348,0.536329153,0.575148146,0.615517586,0.627548004,0.660599805,0.694673222,0.71072293,0.721991912,0.727781964,0.729881336
svod,30,Foxtel Go,P18-64,15sec,Foxtel GoP18-6415sec,0.7,0.83,0.82,1,0.726812396,0.70027642,0.671791139,0.645245474,0.626702829,0.614260771,0.596506434,0.54848896,0.543312768,0.539841793,0.602896363,0.54978476,0.501147516,0.50902786,0.489546392,0.45476425,0.422555602,0.378451658,0.345343745,0.325988348,0.536329153,0.575148146,0.615517586,0.627548004,0.660599805,0.694673222,0.71072293,0.721991912,0.727781964,0.729881336
svod,30,Binge,P18-64,15sec,BingeP18-6415sec,0.7,0.83,0.82,1,0.726812396,0.70027642,0.671791139,0.645245474,0.626702829,0.614260771,0.596506434,0.54848896,0.543312768,0.539841793,0.602896363,0.54978476,0.501147516,0.50902786,0.489546392,0.45476425,0.422555602,0.378451658,0.345343745,0.325988348,0.536329153,0.575148146,0.615517586,0.627548004,0.660599805,0.694673222,0.71072293,0.721991912,0.727781964,0.729881336
svod,30,Netflix,P18-64,15sec,NetflixP18-6415sec,0.7,0.83,0.82,1,0.726812396,0.70027642,0.671791139,0.645245474,0.626702829,0.614260771,0.596506434,0.54848896,0.543312768,0.539841793,0.602896363,0.54978476,0.501147516,0.50902786,0.489546392,0.45476425,0.422555602,0.378451658,0.345343745,0.325988348,0.536329153,0.575148146,0.615517586,0.627548004,0.660599805,0.694673222,0.71072293,0.721991912,0.727781964,0.729881336
svod,30,Optus Sport,P18-64,15sec,Optus SportP18-6415sec,0.7,0.83,0.82,1,0.726812396,0.70027642,0.671791139,0.645245474,0.626702829,0.614260771,0.596506434,0.54848896,0.543312768,0.539841793,0.602896363,0.54978476,0.501147516,0.50902786,0.489546392,0.45476425,0.422555602,0.378451658,0.345343745,0.325988348,0.536329153,0.575148146,0.615517586,0.627548004,0.660599805,0.694673222,0.71072293,0.721991912,0.727781964,0.729881336
svod,30,Amazon Prime,P18-64,15sec,Amazon PrimeP18-6415sec,0.7,0.83,0.82,1,0.726812396,0.70027642,0.671791139,0.645245474,0.626702829,0.614260771,0.596506434,0.54848896,0.543312768,0.539841793,0.602896363,0.54978476,0.501147516,0.50902786,0.489546392,0.45476425,0.422555602,0.378451658,0.345343745,0.325988348,0.536329153,0.575148146,0.615517586,0.627548004,0.660599805,0.694673222,0.71072293,0.721991912,0.727781964,0.729881336
svod,30,Samsung In-Stream,P18-64,15sec,Samsung In-StreamP18-6415sec,0.7,0.83,0.82,1,0.726812396,0.70027642,0.671791139,0.645245474,0.626702829,0.614260771,0.596506434,0.54848896,0.543312768,0.539841793,0.602896363,0.54978476,0.501147516,0.50902786,0.489546392,0.45476425,0.422555602,0.378451658,0.345343745,0.325988348,0.536329153,0.575148146,0.615517586,0.627548004,0.660599805,0.694673222,0.71072293,0.721991912,0.727781964,0.729881336
linear-tv-free,15,Linear TV Metro & Regional,P25-54,15sec,Linear TV Metro & RegionalP25-5415sec,0.78,0.82,0.32,0.46,0.367022237,0.319851763,0.289661086,0.258637157,0.230168186,0.202309217,0.185312796,0.170462679,0.154890528,0.13322237,0.750456091,0.712484127,0.658770819,0.591229999,0.562089773,0.526357605,0.489147151,0.45715594,0.4235111,0.399111598,0.402923335,0.456792427,0.491817829,0.511992103,0.53205528,0.543279198,0.572784067,0.591124687,0.614277835,0.641902552
linear-tv-free,15,Linear TV Metro,P25-54,15sec,Linear TV MetroP25-5415sec,0.78,0.82,0.32,0.46,0.367022237,0.319851763,0.289661086,0.258637157,0.230168186,0.202309217,0.185312796,0.170462679,0.154890528,0.13322237,0.750456091,0.712484127,0.658770819,0.591229999,0.562089773,0.526357605,0.489147151,0.45715594,0.4235111,0.399111598,0.402923335,0.456792427,0.491817829,0.511992103,0.53205528,0.543279198,0.572784067,0.591124687,0.614277835,0.641902552
linear-tv-free,15,Linear TV Regional,P25-54,15sec,Linear TV RegionalP25-5415sec,0.78,0.82,0.32,0.46,0.367022237,0.319851763,0.289661086,0.258637157,0.230168186,0.202309217,0.185312796,0.170462679,0.154890528,0.13322237,0.750456091,0.712484127,0.658770819,0.591229999,0.562089773,0.526357605,0.489147151,0.45715594,0.4235111,0.399111598,0.402923335,0.456792427,0.491817829,0.511992103,0.53205528,0.543279198,0.572784067,0.591124687,0.614277835,0.641902552
linear-tv-free,15,Linear TV Metro 5 Cap Seven Network,P25-54,15sec,Linear TV Metro 5 Cap Seven NetworkP25-5415sec,0.78,0.82,0.32,0.46,0.367022237,0.319851763,0.289661086,0.258637157,0.230168186,0.202309217,0.185312796,0.170462679,0.154890528,0.13322237,0.750456091,0.712484127,0.658770819,0.591229999,0.562089773,0.526357605,0.489147151,0.45715594,0.4235111,0.399111598,0.402923335,0.456792427,0.491817829,0.511992103,0.53205528,0.543279198,0.572784067,0.591124687,0.614277835,0.641902552
linear-tv-free,15,Linear TV Metro 5 Cap Nine Network,P25-54,15sec,Linear TV Metro 5 Cap Nine NetworkP25-5415sec,0.78,0.82,0.32,0.46,0.367022237,0.319851763,0.289661086,0.258637157,0.230168186,0.202309217,0.185312796,0.170462679,0.154890528,0.13322237,0.750456091,0.712484127,0.658770819,0.591229999,0.562089773,0.526357605,0.489147151,0.45715594,0.4235111,0.399111598,0.402923335,0.456792427,0.491817829,0.511992103,0.53205528,0.543279198,0.572784067,0.591124687,0.614277835,0.641902552
linear-tv-free,15,Linear TV Metro 5 Cap Ten Network,P25-54,15sec,Linear TV Metro 5 Cap Ten NetworkP25-5415sec,0.78,0.82,0.32,0.46,0.367022237,0.319851763,0.289661086,0.258637157,0.230168186,0.202309217,0.185312796,0.170462679,0.154890528,0.13322237,0.750456091,0.712484127,0.658770819,0.591229999,0.562089773,0.526357605,0.489147151,0.45715594,0.4235111,0.399111598,0.402923335,0.456792427,0.491817829,0.511992103,0.53205528,0.543279198,0.572784067,0.591124687,0.614277835,0.641902552
linear-tv-free,15,Linear TV Metro 5 Cap SBS Network,P25-54,15sec,Linear TV Metro 5 Cap SBS NetworkP25-5415sec,0.78,0.82,0.32,0.46,0.367022237,0.319851763,0.289661086,0.258637157,0.230168186,0.202309217,0.185312796,0.170462679,0.154890528,0.13322237,0.750456091,0.712484127,0.658770819,0.591229999,0.562089773,0.526357605,0.489147151,0.45715594,0.4235111,0.399111598,0.402923335,0.456792427,0.491817829,0.511992103,0.53205528,0.543279198,0.572784067,0.591124687,0.614277835,0.641902552
linear-tv-free,15,Linear TV Regional 4 Seven Network,P25-54,15sec,Linear TV Regional 4 Seven NetworkP25-5415sec,0.78,0.82,0.32,0.46,0.367022237,0.319851763,0.289661086,0.258637157,0.230168186,0.202309217,0.185312796,0.170462679,0.154890528,0.13322237,0.750456091,0.712484127,0.658770819,0.591229999,0.562089773,0.526357605,0.489147151,0.45715594,0.4235111,0.399111598,0.402923335,0.456792427,0.491817829,0.511992103,0.53205528,0.543279198,0.572784067,0.591124687,0.614277835,0.641902552
linear-tv-free,15,Linear TV Regional 4 Nine Network,P25-54,15sec,Linear TV Regional 4 Nine NetworkP25-5415sec,0.78,0.82,0.32,0.46,0.367022237,0.319851763,0.289661086,0.258637157,0.230168186,0.202309217,0.185312796,0.170462679,0.154890528,0.13322237,0.750456091,0.712484127,0.658770819,0.591229999,0.562089773,0.526357605,0.489147151,0.45715594,0.4235111,0.399111598,0.402923335,0.456792427,0.491817829,0.511992103,0.53205528,0.543279198,0.572784067,0.591124687,0.614277835,0.641902552
linear-tv-free,15,Linear TV Regional 4 Ten Network,P25-54,15sec,Linear TV Regional 4 Ten NetworkP25-5415sec,0.78,0.82,0.32,0.46,0.367022237,0.319851763,0.289661086,0.258637157,0.230168186,0.202309217,0.185312796,0.170462679,0.154890528,0.13322237,0.750456091,0.712484127,0.658770819,0.591229999,0.562089773,0.526357605,0.489147151,0.45715594,0.4235111,0.399111598,0.402923335,0.456792427,0.491817829,0.511992103,0.53205528,0.543279198,0.572784067,0.591124687,0.614277835,0.641902552
linear-tv-free,15,Linear TV Regional 4 SBS Network,P25-54,15sec,Linear TV Regional 4 SBS NetworkP25-5415sec,0.78,0.82,0.32,0.46,0.367022237,0.319851763,0.289661086,0.258637157,0.230168186,0.202309217,0.185312796,0.170462679,0.154890528,0.13322237,0.750456091,0.712484127,0.658770819,0.591229999,0.562089773,0.526357605,0.489147151,0.45715594,0.4235111,0.399111598,0.402923335,0.456792427,0.491817829,0.511992103,0.53205528,0.543279198,0.572784067,0.591124687,0.614277835,0.641902552
linear-tv-paid,15,Foxtel Linear,P25-54,15sec,Foxtel LinearP25-5415sec,0.78,0.82,0.32,0.46,0.340175059,0.290263763,0.263683723,0.251794906,0.238390401,0.214128296,0.194068231,0.171809238,0.160634755,0.148685805,0.696471793,0.655145781,0.617433923,0.601494522,0.58656519,0.560753794,0.541404659,0.519891458,0.499141968,0.477270836,0.597226087,0.623548117,0.634815979,0.643842618,0.655606598,0.661430517,0.668661866,0.682104097,0.692626976,0.696607479
youtube-nonskip,15,YouTube TrueView,P25-54,15sec,YouTube TrueViewP25-5415sec,0.21,0.72,0.23,0.72,0.843279376,0.778276978,0.6650045,0.609975914,0.548260382,0.48994493,0.444624934,0.411600595,0.338039401,0.252052799,0.900098554,0.807454101,0.682608021,0.580925682,0.535259206,0.480311878,0.459936516,0.364464891,0.27791794,0.271363605,0.723491357,0.80968213,0.829701314,0.840245173,0.850076676,0.850076676,0.85698719,0.872446801,0.88299066,0.897167866
youtube-nonskip,15,YouTube Instant Reserve,P25-54,15sec,YouTube Instant ReserveP25-5415sec,0.77,0.86,0.53,0.83,0.843279376,0.778276978,0.6650045,0.609975914,0.548260382,0.48994493,0.444624934,0.411600595,0.338039401,0.252052799,0.900098554,0.807454101,0.682608021,0.580925682,0.535259206,0.480311878,0.459936516,0.364464891,0.27791794,0.271363605,0.723491357,0.80968213,0.829701314,0.840245173,0.850076676,0.850076676,0.85698719,0.872446801,0.88299066,0.897167866
youtube-nonskip,15,YouTube Select,P25-54,15sec,YouTube SelectP25-5415sec,0.77,0.86,0.53,0.83,0.843279376,0.778276978,0.6650045,0.609975914,0.548260382,0.48994493,0.444624934,0.411600595,0.338039401,0.252052799,0.900098554,0.807454101,0.682608021,0.580925682,0.535259206,0.480311878,0.459936516,0.364464891,0.27791794,0.271363605,0.723491357,0.80968213,0.829701314,0.840245173,0.850076676,0.850076676,0.85698719,0.872446801,0.88299066,0.897167866
youtube-nonskip,15,YouTube OMG Select,P25-54,15sec,YouTube OMG SelectP25-5415sec,0.77,0.86,0.53,0.83,0.843279376,0.778276978,0.6650045,0.609975914,0.548260382,0.48994493,0.444624934,0.411600595,0.338039401,0.252052799,0.900098554,0.807454101,0.682608021,0.580925682,0.535259206,0.480311878,0.459936516,0.364464891,0.27791794,0.271363605,0.723491357,0.80968213,0.829701314,0.840245173,0.850076676,0.850076676,0.85698719,0.872446801,0.88299066,0.897167866
bvod,15,Nine Now,P25-54,15sec,Nine NowP25-5415sec,0.7,0.83,0.82,1,0.767352635,0.736931578,0.690287128,0.651746654,0.608057385,0.574899312,0.548859774,0.518333601,0.474263417,0.439920014,0.579826284,0.529513177,0.472486143,0.416949968,0.373543591,0.335031763,0.299581767,0.267882765,0.239537862,0.214192157,0.591880358,0.6530601,0.690839007,0.704411819,0.721961634,0.73726406,0.746941009,0.75931917,0.769817153,0.786732912
bvod,15,Ten Play,P25-54,15sec,Ten PlayP25-5415sec,0.7,0.83,0.82,1,0.767352635,0.736931578,0.690287128,0.651746654,0.608057385,0.574899312,0.548859774,0.518333601,0.474263417,0.439920014,0.579826284,0.529513177,0.472486143,0.416949968,0.373543591,0.335031763,0.299581767,0.267882765,0.239537862,0.214192157,0.591880358,0.6530601,0.690839007,0.704411819,0.721961634,0.73726406,0.746941009,0.75931917,0.769817153,0.786732912
bvod,15,Seven Plus,P25-54,15sec,Seven PlusP25-5415sec,0.7,0.83,0.82,1,0.767352635,0.736931578,0.690287128,0.651746654,0.608057385,0.574899312,0.548859774,0.518333601,0.474263417,0.439920014,0.579826284,0.529513177,0.472486143,0.416949968,0.373543591,0.335031763,0.299581767,0.267882765,0.239537862,0.214192157,0.591880358,0.6530601,0.690839007,0.704411819,0.721961634,0.73726406,0.746941009,0.75931917,0.769817153,0.786732912
bvod,15,SBS On Demand,P25-54,15sec,SBS On DemandP25-5415sec,0.7,0.83,0.82,1,0.767352635,0.736931578,0.690287128,0.651746654,0.608057385,0.574899312,0.548859774,0.518333601,0.474263417,0.439920014,0.579826284,0.529513177,0.472486143,0.416949968,0.373543591,0.335031763,0.299581767,0.267882765,0.239537862,0.214192157,0.591880358,0.6530601,0.690839007,0.704411819,0.721961634,0.73726406,0.746941009,0.75931917,0.769817153,0.786732912
svod,15,Kayo,P25-54,15sec,KayoP25-5415sec,0.7,0.83,0.82,1,0.640688475,0.593733209,0.549034681,0.500810625,0.46511722,0.439912953,0.409623378,0.362238336,0.347325809,0.32058348,0.629153595,0.568373951,0.522077124,0.474263628,0.432024931,0.393548082,0.358498045,0.326569621,0.297484795,0.270990311,0.558055878,0.625164778,0.660737789,0.678393395,0.697027031,0.71564595,0.745588301,0.767806734,0.803127866,0.825376619
svod,15,Foxtel Go,P25-54,15sec,Foxtel GoP25-5415sec,0.7,0.83,0.82,1,0.640688475,0.593733209,0.549034681,0.500810625,0.46511722,0.439912953,0.409623378,0.362238336,0.347325809,0.32058348,0.629153595,0.568373951,0.522077124,0.474263628,0.432024931,0.393548082,0.358498045,0.326569621,0.297484795,0.270990311,0.558055878,0.625164778,0.660737789,0.678393395,0.697027031,0.71564595,0.745588301,0.767806734,0.803127866,0.825376619
svod,15,Binge,P25-54,15sec,BingeP25-5415sec,0.7,0.83,0.82,1,0.640688475,0.593733209,0.549034681,0.500810625,0.46511722,0.439912953,0.409623378,0.362238336,0.347325809,0.32058348,0.629153595,0.568373951,0.522077124,0.474263628,0.432024931,0.393548082,0.358498045,0.326569621,0.297484795,0.270990311,0.558055878,0.625164778,0.660737789,0.678393395,0.697027031,0.71564595,0.745588301,0.767806734,0.803127866,0.825376619
svod,15,Netflix,P25-54,15sec,NetflixP25-5415sec,0.7,0.83,0.82,1,0.640688475,0.593733209,0.549034681,0.500810625,0.46511722,0.439912953,0.409623378,0.362238336,0.347325809,0.32058348,0.629153595,0.568373951,0.522077124,0.474263628,0.432024931,0.393548082,0.358498045,0.326569621,0.297484795,0.270990311,0.558055878,0.625164778,0.660737789,0.678393395,0.697027031,0.71564595,0.745588301,0.767806734,0.803127866,0.825376619
svod,15,Optus Sport,P25-54,15sec,Optus SportP25-5415sec,0.7,0.83,0.82,1,0.640688475,0.593733209,0.549034681,0.500810625,0.46511722,0.439912953,0.409623378,0.362238336,0.347325809,0.32058348,0.629153595,0.568373951,0.522077124,0.474263628,0.432024931,0.393548082,0.358498045,0.326569621,0.297484795,0.270990311,0.558055878,0.625164778,0.660737789,0.678393395,0.697027031,0.71564595,0.745588301,0.767806734,0.803127866,0.825376619
svod,15,Amazon Prime,P25-54,15sec,Amazon PrimeP25-5415sec,0.7,0.83,0.82,1,0.640688475,0.593733209,0.549034681,0.500810625,0.46511722,0.439912953,0.409623378,0.362238336,0.347325809,0.32058348,0.629153595,0.568373951,0.522077124,0.474263628,0.432024931,0.393548082,0.358498045,0.326569621,0.297484795,0.270990311,0.558055878,0.625164778,0.660737789,0.678393395,0.697027031,0.71564595,0.745588301,0.767806734,0.803127866,0.825376619
svod,15,Samsung In-Stream,P25-54,15sec,Samsung In-StreamP25-5415sec,0.7,0.83,0.82,1,0.640688475,0.593733209,0.549034681,0.500810625,0.46511722,0.439912953,0.409623378,0.362238336,0.347325809,0.32058348,0.629153595,0.568373951,0.522077124,0.474263628,0.432024931,0.393548082,0.358498045,0.326569621,0.297484795,0.270990311,0.558055878,0.625164778,0.660737789,0.678393395,0.697027031,0.71564595,0.745588301,0.767806734,0.803127866,0.825376619
linear-tv-free,30,Linear TV Metro & Regional,P25-54,15sec,Linear TV Metro & RegionalP25-5415sec,0.78,0.82,0.32,0.46,0.418668828,0.370456753,0.332274,0.303017068,0.276788834,0.245399873,0.229809384,0.218156861,0.201493471,0.181417112,0.782851247,0.747833523,0.695978467,0.641860689,0.616767847,0.590313489,0.560913093,0.538611793,0.51670024,0.49505689,0.393459564,0.450753028,0.486148776,0.508141436,0.524061687,0.534338471,0.5600386,0.5752678,0.590532204,0.614051269
linear-tv-free,30,Linear TV Metro,P25-54,15sec,Linear TV MetroP25-5415sec,0.78,0.82,0.32,0.46,0.418668828,0.370456753,0.332274,0.303017068,0.276788834,0.245399873,0.229809384,0.218156861,0.201493471,0.181417112,0.782851247,0.747833523,0.695978467,0.641860689,0.616767847,0.590313489,0.560913093,0.538611793,0.51670024,0.49505689,0.393459564,0.450753028,0.486148776,0.508141436,0.524061687,0.534338471,0.5600386,0.5752678,0.590532204,0.614051269
linear-tv-free,30,Linear TV Regional,P25-54,15sec,Linear TV RegionalP25-5415sec,0.78,0.82,0.32,0.46,0.418668828,0.370456753,0.332274,0.303017068,0.276788834,0.245399873,0.229809384,0.218156861,0.201493471,0.181417112,0.782851247,0.747833523,0.695978467,0.641860689,0.616767847,0.590313489,0.560913093,0.538611793,0.51670024,0.49505689,0.393459564,0.450753028,0.486148776,0.508141436,0.524061687,0.534338471,0.5600386,0.5752678,0.590532204,0.614051269
linear-tv-free,30,Linear TV Metro 5 Cap Seven Network,P25-54,15sec,Linear TV Metro 5 Cap Seven NetworkP25-5415sec,0.78,0.82,0.32,0.46,0.418668828,0.370456753,0.332274,0.303017068,0.276788834,0.245399873,0.229809384,0.218156861,0.201493471,0.181417112,0.782851247,0.747833523,0.695978467,0.641860689,0.616767847,0.590313489,0.560913093,0.538611793,0.51670024,0.49505689,0.393459564,0.450753028,0.486148776,0.508141436,0.524061687,0.534338471,0.5600386,0.5752678,0.590532204,0.614051269
linear-tv-free,30,Linear TV Metro 5 Cap Nine Network,P25-54,15sec,Linear TV Metro 5 Cap Nine NetworkP25-5415sec,0.78,0.82,0.32,0.46,0.418668828,0.370456753,0.332274,0.303017068,0.276788834,0.245399873,0.229809384,0.218156861,0.201493471,0.181417112,0.782851247,0.747833523,0.695978467,0.641860689,0.616767847,0.590313489,0.560913093,0.538611793,0.51670024,0.49505689,0.393459564,0.450753028,0.486148776,0.508141436,0.524061687,0.534338471,0.5600386,0.5752678,0.590532204,0.614051269
linear-tv-free,30,Linear TV Metro 5 Cap Ten Network,P25-54,15sec,Linear TV Metro 5 Cap Ten NetworkP25-5415sec,0.78,0.82,0.32,0.46,0.418668828,0.370456753,0.332274,0.303017068,0.276788834,0.245399873,0.229809384,0.218156861,0.201493471,0.181417112,0.782851247,0.747833523,0.695978467,0.641860689,0.616767847,0.590313489,0.560913093,0.538611793,0.51670024,0.49505689,0.393459564,0.450753028,0.486148776,0.508141436,0.524061687,0.534338471,0.5600386,0.5752678,0.590532204,0.614051269
linear-tv-free,30,Linear TV Metro 5 Cap SBS Network,P25-54,15sec,Linear TV Metro 5 Cap SBS NetworkP25-5415sec,0.78,0.82,0.32,0.46,0.418668828,0.370456753,0.332274,0.303017068,0.276788834,0.245399873,0.229809384,0.218156861,0.201493471,0.181417112,0.782851247,0.747833523,0.695978467,0.641860689,0.616767847,0.590313489,0.560913093,0.538611793,0.51670024,0.49505689,0.393459564,0.450753028,0.486148776,0.508141436,0.524061687,0.534338471,0.5600386,0.5752678,0.590532204,0.614051269
linear-tv-free,30,Linear TV Regional 4 Seven Network,P25-54,15sec,Linear TV Regional 4 Seven NetworkP25-5415sec,0.78,0.82,0.32,0.46,0.418668828,0.370456753,0.332274,0.303017068,0.276788834,0.245399873,0.229809384,0.218156861,0.201493471,0.181417112,0.782851247,0.747833523,0.695978467,0.641860689,0.616767847,0.590313489,0.560913093,0.538611793,0.51670024,0.49505689,0.393459564,0.450753028,0.486148776,0.508141436,0.524061687,0.534338471,0.5600386,0.5752678,0.590532204,0.614051269
linear-tv-free,30,Linear TV Regional 4 Nine Network,P25-54,15sec,Linear TV Regional 4 Nine NetworkP25-5415sec,0.78,0.82,0.32,0.46,0.418668828,0.370456753,0.332274,0.303017068,0.276788834,0.245399873,0.229809384,0.218156861,0.201493471,0.181417112,0.782851247,0.747833523,0.695978467,0.641860689,0.616767847,0.590313489,0.560913093,0.538611793,0.51670024,0.49505689,0.393459564,0.450753028,0.486148776,0.508141436,0.524061687,0.534338471,0.5600386,0.5752678,0.590532204,0.614051269
linear-tv-free,30,Linear TV Regional 4 Ten Network,P25-54,15sec,Linear TV Regional 4 Ten NetworkP25-5415sec,0.78,0.82,0.32,0.46,0.418668828,0.370456753,0.332274,0.303017068,0.276788834,0.245399873,0.229809384,0.218156861,0.201493471,0.181417112,0.782851247,0.747833523,0.695978467,0.641860689,0.616767847,0.590313489,0.560913093,0.538611793,0.51670024,0.49505689,0.393459564,0.450753028,0.486148776,0.508141436,0.524061687,0.534338471,0.5600386,0.5752678,0.590532204,0.614051269
linear-tv-free,30,Linear TV Regional 4 SBS Network,P25-54,15sec,Linear TV Regional 4 SBS NetworkP25-5415sec,0.78,0.82,0.32,0.46,0.418668828,0.370456753,0.332274,0.303017068,0.276788834,0.245399873,0.229809384,0.218156861,0.201493471,0.181417112,0.782851247,0.747833523,0.695978467,0.641860689,0.616767847,0.590313489,0.560913093,0.538611793,0.51670024,0.49505689,0.393459564,0.450753028,0.486148776,0.508141436,0.524061687,0.534338471,0.5600386,0.5752678,0.590532204,0.614051269
linear-tv-paid,30,Foxtel Linear,P25-54,15sec,Foxtel LinearP25-5415sec,0.78,0.82,0.32,0.46,0.37940928,0.344322591,0.313788921,0.299727226,0.281804103,0.269149522,0.253984375,0.239727488,0.228391417,0.215613959,0.700260826,0.662551873,0.61893005,0.604672356,0.593610592,0.575769041,0.554652715,0.538626608,0.52950017,0.510715817,0.521141896,0.549382171,0.564973052,0.578839286,0.59565596,0.602301456,0.606933051,0.614740441,0.622790055,0.62531749
youtube-nonskip,30,YouTube TrueView,P25-54,15sec,YouTube TrueViewP25-5415sec,0.21,0.72,0.23,0.72,0.843279376,0.778276978,0.6650045,0.609975914,0.548260382,0.48994493,0.444624934,0.411600595,0.338039401,0.252052799,0.900098554,0.807454101,0.682608021,0.580925682,0.535259206,0.480311878,0.459936516,0.364464891,0.27791794,0.271363605,0.723491357,0.80968213,0.829701314,0.840245173,0.850076676,0.850076676,0.85698719,0.872446801,0.88299066,0.897167866
youtube-nonskip,30,YouTube Instant Reserve,P25-54,15sec,YouTube Instant ReserveP25-5415sec,0.77,0.86,0.53,0.83,0.843279376,0.778276978,0.6650045,0.609975914,0.548260382,0.48994493,0.444624934,0.411600595,0.338039401,0.252052799,0.900098554,0.807454101,0.682608021,0.580925682,0.535259206,0.480311878,0.459936516,0.364464891,0.27791794,0.271363605,0.723491357,0.80968213,0.829701314,0.840245173,0.850076676,0.850076676,0.85698719,0.872446801,0.88299066,0.897167866
youtube-nonskip,30,YouTube Select,P25-54,15sec,YouTube SelectP25-5415sec,0.77,0.86,0.53,0.83,0.843279376,0.778276978,0.6650045,0.609975914,0.548260382,0.48994493,0.444624934,0.411600595,0.338039401,0.252052799,0.900098554,0.807454101,0.682608021,0.580925682,0.535259206,0.480311878,0.459936516,0.364464891,0.27791794,0.271363605,0.723491357,0.80968213,0.829701314,0.840245173,0.850076676,0.850076676,0.85698719,0.872446801,0.88299066,0.897167866
youtube-nonskip,30,YouTube OMG Select,P25-54,15sec,YouTube OMG SelectP25-5415sec,0.77,0.86,0.53,0.83,0.843279376,0.778276978,0.6650045,0.609975914,0.548260382,0.48994493,0.444624934,0.411600595,0.338039401,0.252052799,0.900098554,0.807454101,0.682608021,0.580925682,0.535259206,0.480311878,0.459936516,0.364464891,0.27791794,0.271363605,0.723491357,0.80968213,0.829701314,0.840245173,0.850076676,0.850076676,0.85698719,0.872446801,0.88299066,0.897167866
bvod,30,Nine Now,P25-54,15sec,Nine NowP25-5415sec,0.7,0.83,0.82,1,0.841862139,0.809625682,0.764987655,0.722868151,0.696437989,0.6672543,0.654221181,0.631956133,0.598290252,0.586211968,0.639054253,0.593736671,0.537218895,0.514130832,0.485442087,0.447612846,0.417609586,0.389617429,0.363501571,0.339136247,0.634168403,0.707317385,0.75470231,0.766093856,0.778151528,0.794920103,0.797557488,0.810653179,0.822818683,0.831475737
bvod,30,Ten Play,P25-54,15sec,Ten PlayP25-5415sec,0.7,0.83,0.82,1,0.841862139,0.809625682,0.764987655,0.722868151,0.696437989,0.6672543,0.654221181,0.631956133,0.598290252,0.586211968,0.639054253,0.593736671,0.537218895,0.514130832,0.485442087,0.447612846,0.417609586,0.389617429,0.363501571,0.339136247,0.634168403,0.707317385,0.75470231,0.766093856,0.778151528,0.794920103,0.797557488,0.810653179,0.822818683,0.831475737
bvod,30,Seven Plus,P25-54,15sec,Seven PlusP25-5415sec,0.7,0.83,0.82,1,0.841862139,0.809625682,0.764987655,0.722868151,0.696437989,0.6672543,0.654221181,0.631956133,0.598290252,0.586211968,0.639054253,0.593736671,0.537218895,0.514130832,0.485442087,0.447612846,0.417609586,0.389617429,0.363501571,0.339136247,0.634168403,0.707317385,0.75470231,0.766093856,0.778151528,0.794920103,0.797557488,0.810653179,0.822818683,0.831475737
bvod,30,SBS On Demand,P25-54,15sec,SBS On DemandP25-5415sec,0.7,0.83,0.82,1,0.841862139,0.809625682,0.764987655,0.722868151,0.696437989,0.6672543,0.654221181,0.631956133,0.598290252,0.586211968,0.639054253,0.593736671,0.537218895,0.514130832,0.485442087,0.447612846,0.417609586,0.389617429,0.363501571,0.339136247,0.634168403,0.707317385,0.75470231,0.766093856,0.778151528,0.794920103,0.797557488,0.810653179,0.822818683,0.831475737
svod,30,Kayo,P25-54,15sec,KayoP25-5415sec,0.7,0.83,0.82,1,0.653028872,0.615601902,0.581231166,0.550018859,0.5321209,0.524280098,0.507741277,0.455251279,0.446745227,0.441004265,0.641271818,0.589308599,0.552692764,0.520863429,0.494261414,0.469023305,0.444369792,0.410423809,0.382637595,0.372782412,0.55396417,0.592622465,0.627753314,0.64119933,0.676467978,0.694693651,0.708556732,0.727190063,0.736783343,0.740228004
svod,30,Foxtel Go,P25-54,15sec,Foxtel GoP25-5415sec,0.7,0.83,0.82,1,0.653028872,0.615601902,0.581231166,0.550018859,0.5321209,0.524280098,0.507741277,0.455251279,0.446745227,0.441004265,0.641271818,0.589308599,0.552692764,0.520863429,0.494261414,0.469023305,0.444369792,0.410423809,0.382637595,0.372782412,0.55396417,0.592622465,0.627753314,0.64119933,0.676467978,0.694693651,0.708556732,0.727190063,0.736783343,0.740228004
svod,30,Binge,P25-54,15sec,BingeP25-5415sec,0.7,0.83,0.82,1,0.653028872,0.615601902,0.581231166,0.550018859,0.5321209,0.524280098,0.507741277,0.455251279,0.446745227,0.441004265,0.641271818,0.589308599,0.552692764,0.520863429,0.494261414,0.469023305,0.444369792,0.410423809,0.382637595,0.372782412,0.55396417,0.592622465,0.627753314,0.64119933,0.676467978,0.694693651,0.708556732,0.727190063,0.736783343,0.740228004
svod,30,Netflix,P25-54,15sec,NetflixP25-5415sec,0.7,0.83,0.82,1,0.653028872,0.615601902,0.581231166,0.550018859,0.5321209,0.524280098,0.507741277,0.455251279,0.446745227,0.441004265,0.641271818,0.589308599,0.552692764,0.520863429,0.494261414,0.469023305,0.444369792,0.410423809,0.382637595,0.372782412,0.55396417,0.592622465,0.627753314,0.64119933,0.676467978,0.694693651,0.708556732,0.727190063,0.736783343,0.740228004
svod,30,Optus Sport,P25-54,15sec,Optus SportP25-5415sec,0.7,0.83,0.82,1,0.653028872,0.615601902,0.581231166,0.550018859,0.5321209,0.524280098,0.507741277,0.455251279,0.446745227,0.441004265,0.641271818,0.589308599,0.552692764,0.520863429,0.494261414,0.469023305,0.444369792,0.410423809,0.382637595,0.372782412,0.55396417,0.592622465,0.627753314,0.64119933,0.676467978,0.694693651,0.708556732,0.727190063,0.736783343,0.740228004
svod,30,Amazon Prime,P25-54,15sec,Amazon PrimeP25-5415sec,0.7,0.83,0.82,1,0.653028872,0.615601902,0.581231166,0.550018859,0.5321209,0.524280098,0.507741277,0.455251279,0.446745227,0.441004265,0.641271818,0.589308599,0.552692764,0.520863429,0.494261414,0.469023305,0.444369792,0.410423809,0.382637595,0.372782412,0.55396417,0.592622465,0.627753314,0.64119933,0.676467978,0.694693651,0.708556732,0.727190063,0.736783343,0.740228004
svod,30,Samsung In-Stream,P25-54,15sec,Samsung In-StreamP25-5415sec,0.7,0.83,0.82,1,0.653028872,0.615601902,0.581231166,0.550018859,0.5321209,0.524280098,0.507741277,0.455251279,0.446745227,0.441004265,0.641271818,0.589308599,0.552692764,0.520863429,0.494261414,0.469023305,0.444369792,0.410423809,0.382637595,0.372782412,0.55396417,0.592622465,0.627753314,0.64119933,0.676467978,0.694693651,0.708556732,0.727190063,0.736783343,0.740228004
