ad_exposures,ad_impressions
1,100696
2,82840
3,82710
4,87336
5,101755
6,117846
7,123739
8,126528
9,131076
10,137580
11,146212
12,157752
13,165685
14,165858
15,174495
16,186368
17,193052
18,195714
19,203186
20,196980
21,204981
22,209594
23,211347
24,212544
25,213725
26,221988
27,219267
28,224616
29,224344
30,216150
31,218488
32,216960
33,215556
34,215390
35,210280
36,209484
37,212935
38,212496
39,204048
40,203320
41,204795
42,209076
43,202401
44,205436
45,209160
46,207644
47,205108
48,210480
49,213248
50,207550
51,213129
52,210184
53,210781
54,214974
55,215160
56,212408
57,214548
58,216630
59,214111
60,214560
61,215574
62,217620
63,217980
64,217344
65,217100
66,219978
67,217013
68,217396
69,214521
70,216370
71,224005
72,217224
73,227249
74,218818
75,221325
76,217664
77,213059
78,219804
79,220094
80,216720
81,220158
82,217054
83,218456
84,210420
85,212840
86,219128
87,217761
88,216304
89,214134
90,223380
91,207662
92,204516
93,212970
94,207834
95,211375
96,202848
97,209035
98,205016
99,208890
100,203500
101,204323
102,203082
103,200850
104,206544
105,204960
106,193450
107,197950
108,190512
109,189224
110,202290
111,202131
112,190624
113,199445
114,196080
115,193890
116,182352
117,192231
118,198240
119,194208
120,197280
121,196625
122,191662
123,188559
124,195424
125,186750
126,193158
127,191770
128,189440
129,196209
130,190060
131,190736
132,200508
133,203357
134,195506
135,189810
136,190128
137,191663
138,187404
139,190291
140,192360
141,190773
142,188860
143,184756
144,194688
145,191980
146,193888
147,195804
148,184852
149,200554
150,195900
151,192374
152,197600
153,196911
154,190806
155,204755
156,202020
157,199547
158,205242
159,208449
160,198880
161,196098
162,197478
163,204076
164,200736
165,191400
166,189406
167,187040
168,208320
169,194519
170,199070
171,198360
172,213968
173,204832
174,211236
175,207550
176,206448
177,196470
178,200428
179,212473
180,212220
181,207969
182,209846
183,212463
184,208656
185,221260
186,217620
187,211684
188,225788
189,216783
190,215650
191,208763
192,209280
193,211528
194,219220
195,201630
196,216972
197,223595
198,208098
199,217706
200,219600
201,202608
202,221998
203,223909
204,217056
205,220990
206,224746
207,209898
208,224224
209,217778
210,220500
211,214798
212,212424
213,227484
214,228124
215,215215
216,213624
217,226982
218,219090
219,218781
220,231000
221,228072
222,220668
223,229244
224,215936
225,235800
226,231650
227,232448
228,227316
229,228084
230,223790
231,229152
232,239192
233,225544
234,228384
235,230300
236,233640
237,235341
238,247282
239,237327
240,231120
241,235698
242,223608
243,233280
244,221064
245,232750
246,240834
247,236379
248,239568
249,226590
250,220750
251,234434
252,231336
253,233266
254,236728
255,220575
256,234240
257,243379
258,231168
259,227402
260,234520
261,233595
262,226630
263,238804
264,227040
265,241680
266,233016
267,232023
268,230212
269,234837
270,234360
271,236312
272,242896
273,231504
274,229886
275,227700
276,236808
277,236558
278,235188
279,223200
280,222040
281,233230
282,225600
283,232343
284,220100
285,235410
286,220220
287,241080
288,227232
289,231489
290,230260
291,224943
292,227760
293,212425
294,215502
295,212400
296,213712
297,220671
298,219030
299,208403
300,238200
301,213108
302,216232
303,229674
304,221008
305,211060
306,212670
307,220426
308,221760
309,220317
310,218860
311,193131
312,210600
313,214092
314,212578
315,200025
316,204768
317,199076
318,187302
319,205436
320,196480
321,207366
322,214774
323,204136
324,188568
325,191750
326,202120
327,186390
328,201392
329,197400
330,194370
331,197607
332,198868
333,180486
334,197394
335,182240
336,183120
337,184339
338,177450
339,178992
340,204680
341,193006
342,185364
343,178703
344,177848
345,181125
346,175768
347,177317
348,180264
349,173802
350,176050
351,167778
352,177056
353,178618
354,175230
355,164365
356,190104
357,160293
358,174346
359,186680
360,150480
361,160645
362,163262
363,170610
364,159068
365,177755
366,158478
367,172857
368,150512
369,170109
370,155770
371,169176
372,147684
373,163001
374,157828
375,163125
376,160552
377,165126
378,156492
379,164865
380,175180
381,145161
382,151654
383,157030
384,156288
385,161700
386,159418
387,153639
388,157140
389,143152
390,143910
391,149753
392,155232
393,156021
394,159964
395,143780
396,152856
397,148478
398,136116
399,151620
400,148400
401,147969
402,135474
403,144677
404,147056
405,142560
406,135198
407,135938
408,146064
409,159919
410,142680
411,134808
412,143376
413,145376
414,133308
415,134045
416,153088
417,132606
418,151734
419,140365
420,145320
421,141877
422,145590
423,141705
424,138224
425,126225
426,134190
427,121268
428,127544
429,135564
430,132440
431,109043
432,133920
433,130333
434,121520
435,129630
436,139956
437,117553
438,123078
439,137407
440,138600
441,131418
442,143208
443,122268
444,126096
445,117480
446,117298
447,99681
448,113344
449,112699
450,114300
451,118613
452,118424
453,128199
454,109414
455,126945
456,110352
457,116992
458,110836
459,120717
460,112700
461,111562
462,107646
463,112046
464,105792
465,112065
466,101588
467,113481
468,116064
469,121940
470,107160
471,115866
472,111392
473,103114
474,120396
475,105925
476,106624
477,107802
478,109940
479,118792
480,110880
481,94757
482,100738
483,110607
484,108900
485,116400
486,100602
487,117854
488,98088
489,100734
490,104860
491,102619
492,102828
493,105995
494,107198
495,111375
496,82832
497,92442
498,104082
499,107285
500,101000
501,88176
502,107930
503,95067
504,85176
505,106050
506,79948
507,89232
508,81280
509,90602
510,96390
511,82782
512,94208
513,91827
514,101258
515,96820
516,86688
517,83237
518,92204
519,89268
520,83200
521,91175
522,80388
523,77927
524,86984
525,90825
526,77848
527,93279
528,81840
529,86756
530,71020
531,80181
532,88312
533,79417
534,84906
535,86670
536,79864
537,91290
538,76934
539,86779
540,72360
541,77904
542,78048
543,74391
544,81600
545,82295
546,70434
547,76580
548,80008
549,90036
550,79200
551,81548
552,72864
553,77973
554,84762
555,75480
556,76172
557,70739
558,75330
559,67639
560,71680
561,72930
562,76994
563,72064
564,63168
565,68365
566,81504
567,62370
568,74408
569,67142
570,68400
571,73088
572,74360
573,67614
574,57400
575,75325
576,62784
577,77318
578,76296
579,79902
580,73660
581,63329
582,64020
583,61215
584,66576
585,73710
586,67976
587,71027
588,74676
589,69502
590,65490
591,63828
592,72224
593,64637
594,69498
595,70805
596,59600
597,68655
598,53222
599,70083
600,63600
601,66110
602,66220
603,67536
604,62816
605,72600
606,57570
607,49167
608,63840
609,52983
610,55510
611,54379
612,53856
613,57009
614,55260
615,56580
616,57288
617,66019
618,55002
619,58805
620,65100
621,53406
622,49138
623,59808
624,64272
625,69375
626,58218
627,54549
628,55892
629,59126
630,60480
631,44801
632,51824
633,62034
634,51354
635,50800
636,61692
637,64337
638,56782
639,54315
640,50560
641,42947
642,49434
643,50797
644,54096
645,56760
646,52326
647,64700
648,62208
649,57112
650,40950
651,60543
652,49552
653,49628
654,47742
655,47815
656,55760
657,49932
658,51324
659,46130
660,44220
661,48914
662,41706
663,54366
664,40504
665,51205
666,57276
667,50025
668,43420
669,50175
670,44890
671,46970
672,34272
673,50475
674,46506
675,40500
676,46644
677,52129
678,44070
679,31234
680,46920
681,47670
682,53878
683,43029
684,53352
685,47265
686,34986
687,39159
688,46784
689,49608
690,47610
691,28331
692,38752
693,42966
694,49274
695,46565
696,39672
697,38335
698,45370
699,34950
700,48300
701,40658
702,46332
703,42180
704,40128
705,47940
706,42360
707,46662
708,43188
709,35450
710,36210
711,43371
712,43432
713,46345
714,39270
715,44330
716,39380
717,35133
718,43798
719,42421
720,48960
721,38213
722,35378
723,44826
724,30408
725,48575
726,41382
727,34896
728,32032
729,32076
730,39420
731,36550
732,38796
733,48378
734,44040
735,41895
736,35328
737,44220
738,39852
739,40645
740,38480
741,46683
742,48230
743,35664
744,39432
745,41720
746,47744
747,29133
748,45628
749,53179
750,32250
751,33044
752,32336
753,42168
754,38454
755,38505
756,32508
757,34822
758,37900
759,44022
760,46360
761,32723
762,41910
763,37387
764,33616
765,35190
766,42896
767,36816
768,39936
769,25377
770,43890
771,31611
772,33196
773,30147
774,48762
775,43400
776,37248
777,31857
778,32676
779,41287
780,42120
781,26554
782,41446
783,36018
784,39984
785,27475
786,33798
787,33054
788,29156
789,29982
790,37920
791,26894
792,34848
793,40443
794,28584
795,35775
796,33432
797,25504
798,37506
799,28764
800,39200
801,32040
802,25664
803,33726
804,17688
805,35420
806,26598
807,19368
808,31512
809,38023
810,32400
811,17031
812,34916
813,32520
814,37444
815,30155
816,32640
817,29412
818,36810
819,32760
820,22140
821,28735
822,34524
823,36212
824,43672
825,29700
826,37996
827,37215
828,20700
829,25699
830,32370
831,34902
832,30784
833,29155
834,34194
835,24215
836,39292
837,34317
838,26816
839,26009
840,23520
841,33640
842,26944
843,33720
844,24476
845,36335
846,23688
847,33033
848,33920
849,31413
850,32300
851,34040
852,26412
853,38385
854,26474
855,38475
856,22256
857,32566
858,27456
859,23193
860,29240
861,18081
862,35342
863,33657
864,29376
865,19895
866,24248
867,32079
868,24304
869,24332
870,33060
871,21775
872,20928
873,28809
874,25346
875,22750
876,24528
877,28064
878,33364
879,29007
880,20240
881,29954
882,23814
883,18543
884,24752
885,28320
886,27466
887,24836
888,23976
889,25781
890,33820
891,26730
892,21408
893,22325
894,18774
895,30430
896,25088
897,23322
898,25144
899,26970
900,22500
901,21624
902,34276
903,27993
904,31640
905,17195
906,23556
907,19954
908,29056
909,29088
910,27300
911,27330
912,17328
913,31955
914,32904
915,16470
916,26564
917,16506
918,15606
919,18380
920,23000
921,26709
922,20284
923,25844
924,22176
925,26825
926,17594
927,25956
928,25984
929,20438
930,23250
931,23275
932,32620
933,17727
934,22416
935,26180
936,28080
937,26236
938,14070
939,28170
940,14100
941,18820
942,26376
943,15088
944,21712
945,24570
946,20812
947,14205
948,14220
949,13286
950,24700
951,19020
952,31416
953,16201
954,27666
955,21965
956,21032
957,20097
958,20118
959,20139
960,24960
961,27869
962,34632
963,24075
964,20244
965,19300
966,19320
967,20307
968,22264
969,19380
970,18430
971,16507
972,18468
973,26271
974,25324
975,26325
976,24400
977,16609
978,21516
979,16643
980,34300
981,19620
982,17676
983,18677
984,31488
985,16745
986,21692
987,23688
988,28652
989,22747
990,21780
991,13874
992,16864
993,18867
994,20874
995,19900
996,24900
997,18943
998,19960
999,15984
1000,13000
1001,27027
1002,16032
1003,19057
1004,19076
1005,20100
1006,24144
1007,20140
1008,19152
1009,27243
1010,20200
1011,21231
1012,20240
1013,10130
1014,22308
1015,15225
1016,28448
1017,17289
1018,19342
1019,10190
1020,19380
1021,19399
1022,17374
1023,14322
1024,20480
1025,21525
1026,15390
1027,18486
1028,18504
1029,20580
1030,15450
1031,26806
1032,21672
1033,18594
1034,17578
1035,19665
1036,18648
1037,20740
1038,26988
1039,12468
1040,15600
1041,14574
1042,16672
1043,18774
1044,20880
1045,28215
1046,13598
1047,18846
1048,23056
1049,16784
1050,8400
1051,21020
1052,15780
1053,13689
1054,22134
1055,18990
1056,16896
1057,12684
1058,13754
1059,11649
1060,16960
1061,13793
1062,15930
1063,22323
1064,6384
1065,19170
1066,22386
1067,17072
1068,19224
1069,14966
1070,19260
1071,17136
1072,19296
1073,22533
1074,19332
1075,21500
1076,21520
1077,19386
1078,14014
1079,21580
1080,17280
1081,17296
1082,18394
1083,10830
1084,20596
1085,17360
1086,17376
1087,14131
1088,17408
1089,19602
1090,18530
1091,13092
1092,20748
1093,22953
1094,18598
1095,19710
1096,23016
1097,18649
1098,19764
1099,18683
1100,15400
1101,8808
1102,17632
1103,13236
1104,22080
1105,19890
1106,18802
1107,16605
1108,16620
1109,19962
1110,24420
1111,11110
1112,24464
1113,13356
1114,20052
1115,8920
1116,7812
1117,18989
1118,20124
1119,19023
1120,16800
1121,13452
1122,19074
1123,17968
1124,20232
1125,18000
1126,24772
1127,19159
1128,15792
1129,7903
1130,16950
1131,13572
1132,13584
1133,10197
1134,12474
1135,13620
1136,20448
1137,17055
1138,19346
1139,23919
1140,15960
1141,17115
1142,15988
1143,18288
1144,18304
1145,12595
1146,12606
1147,20646
1148,18368
1149,19533
1150,14950
1151,14963
1152,18432
1153,5765
1154,15002
1155,8085
1156,18496
1157,18512
1158,16212
1159,13908
1160,22040
1161,6966
1162,6972
1163,16282
1164,15132
1165,15145
1166,17490
1167,28008
1168,7008
1169,17535
1170,8190
1171,12881
1172,15236
1173,11730
1174,10566
1175,10575
1176,17640
1177,17655
1178,16492
1179,12969
1180,15340
1181,9448
1182,11820
1183,9464
1184,18944
1185,9480
1186,10674
1187,7122
1188,13068
1189,11890
1190,21420
1191,17865
1192,20264
1193,22667
1194,14328
1195,15535
1196,13156
1197,17955
1198,11980
1199,9592
1200,3600
1201,14412
1202,18030
1203,14436
1204,13244
1205,12050
1206,15678
1207,10863
1208,13288
1209,6045
1210,14520
1211,16954
1212,12120
1213,14556
1214,6070
1215,15795
1216,10944
1217,14604
1218,12180
1219,15847
1220,17080
1221,17094
1222,8554
1223,13453
1224,12240
1225,18375
1226,11034
1227,13497
1228,11052
1229,13519
1230,22140
1231,17234
1232,19712
1233,16029
1234,17276
1235,19760
1236,6180
1237,16081
1238,9904
1239,7434
1240,9920
1241,12410
1242,9936
1243,8701
1244,17416
1245,11205
1246,12460
1247,8729
1248,9984
1249,14988
1250,17500
1251,10008
1252,18780
1253,8771
1254,7524
1255,7530
1256,12560
1257,7542
1258,6290
1259,12590
1260,8820
1261,10088
1262,15144
1263,5052
1264,10112
1265,10120
1266,8862
1267,16471
1268,12680
1269,13959
1270,17780
1271,26691
1272,8904
1273,2546
1274,14014
1275,12750
1276,11484
1277,12770
1278,10224
1279,10232
1280,14080
1281,15372
1282,6410
1283,19245
1284,19260
1285,14135
1286,10288
1287,16731
1288,14168
1289,7734
1290,5160
1291,9037
1292,12920
1293,15516
1294,10352
1295,10360
1296,16848
1297,11673
1298,10384
1299,14289
1300,10400
1301,10408
1302,14322
1303,24757
1304,10432
1305,13050
1306,9142
1307,11763
1308,18312
1309,15708
1310,7860
1311,19665
1312,17056
1313,10504
1314,13140
1315,7890
1316,18424
1317,6585
1318,13180
1319,11871
1320,17160
1321,6605
1322,14542
1323,6615
1324,10592
1325,7950
1326,6630
1327,9289
1328,3984
1329,9303
1330,5320
1331,7986
1332,13320
1333,6665
1334,8004
1335,16020
1336,16032
1337,5348
1338,10704
1339,14729
1340,8040
1341,13410
1342,13420
1343,6715
1344,10752
1345,14795
1346,2692
1347,12123
1348,18872
1349,12141
1350,10800
1351,10808
1352,10816
1353,9471
1354,12186
1355,18970
1356,1356
1357,16284
1358,6790
1359,5436
1360,10880
1361,8166
1362,5448
1363,6815
1364,15004
1365,17745
1366,9562
1367,9569
1368,10944
1369,10952
1370,19180
1371,12339
1372,19208
1373,12357
1374,9618
1375,16500
1376,13760
1377,9639
1378,13780
1379,5516
1380,9660
1381,4143
1382,12438
1383,8298
1384,8304
1385,8310
1386,13860
1387,8322
1388,9716
1389,11112
1390,9730
1391,6955
1392,6960
1393,11144
1394,12546
1395,6975
1396,9772
1397,18161
1398,8388
1399,8394
1400,4200
1401,4203
1402,9814
1403,9821
1404,21060
1405,8430
1406,12654
1407,5628
1408,1408
1409,2818
1410,14100
1411,11288
1412,12708
1413,9891
1414,2828
1415,11320
1416,12744
1417,17004
1418,9926
1419,11352
1420,12780
1421,9947
1422,7110
1423,4269
1424,8544
1425,15675
1426,8556
1427,8562
1428,14280
1429,10003
1430,10010
1431,10017
1432,8592
1433,11464
1434,10038
1435,14350
1436,5744
1437,11496
1438,8628
1439,10073
1440,11520
1441,5764
1442,5768
1443,11544
1444,10108
1445,10115
1446,7230
1447,10129
1448,13032
1449,7245
1450,8700
1451,4353
1452,11616
1453,8718
1454,15994
1455,14550
1456,8736
1457,8742
1458,7290
1459,2918
1460,4380
1461,13149
1462,16082
1463,5852
1464,13176
1465,7325
1466,11728
1467,4401
1468,10276
1469,8814
1470,11760
1471,8826
1472,16192
1473,7365
1474,7370
1475,4425
1476,10332
1477,4431
1478,11824
1479,13311
1480,1480
1481,10367
1482,4446
1483,5932
1484,4452
1485,8910
1486,7430
1487,4461
1488,10416
1489,2978
1490,13410
1491,13419
1492,13428
1493,19409
1494,8964
1495,7475
1496,7480
1497,8982
1498,7490
1499,4497
1500,9000
1501,12008
1502,3004
1503,12024
1504,7520
1505,7525
1506,9036
1507,10549
1508,10556
1509,4527
1510,6040
1511,12088
1512,10584
1513,6052
1514,13626
1515,9090
1516,7580
1517,10619
1518,12144
1519,9114
1520,6080
1521,16731
1522,7610
1523,10661
1524,9144
1525,12200
1526,16786
1527,9162
1528,12224
1529,7645
1530,1530
1531,7655
1532,6128
1533,3066
1534,9204
1535,12280
1536,12288
1537,9222
1538,9228
1539,3078
1540,6160
1541,7705
1542,12336
1543,10801
1544,4632
1545,1545
1546,7730
1547,21658
1548,9288
1549,13941
1550,12400
1551,10857
1552,7760
1553,7765
1554,7770
1555,7775
1556,4668
1557,12456
1558,12464
1559,9354
1560,6240
1561,4683
1562,3124
1563,1563
1564,12512
1565,6260
1566,6264
1567,4701
1568,3136
1569,12552
1570,7850
1571,10997
1572,7860
1573,12584
1574,7870
1575,11025
1576,6304
1577,0
1578,3156
1579,17369
1580,1580
1581,6324
1582,3164
1583,3166
1584,3168
1585,7925
1586,7930
1587,9522
1588,11116
1589,6356
1590,3180
1591,4773
1592,7960
1593,4779
1594,11158
1595,6380
1596,9576
1597,6388
1598,6392
1599,11193
1600,6400
1601,9606
1602,6408
1603,11221
1604,6416
1605,8025
1606,16060
1607,3214
1608,8040
1609,9654
1610,14490
1611,8055
1612,3224
1613,9678
1614,12912
1615,11305
1616,6464
1617,4851
1618,3236
1619,9714
1620,3240
1621,9726
1622,6488
1623,8115
1624,3248
1625,4875
1626,8130
1627,8135
1628,4884
1629,8145
1630,9780
1631,1631
1632,11424
1633,9798
1634,8170
1635,13080
1636,13088
1637,8185
1638,1638
1639,4917
1640,4920
1641,6564
1642,9852
1643,4929
1644,11508
1645,4935
1646,6584
1647,9882
1648,9888
1649,1649
1650,4950
1651,6604
1652,11564
1653,8265
1654,3308
1655,1655
1656,6624
1657,4971
1658,6632
1659,6636
1660,8300
1661,6644
1662,4986
1663,8315
1664,4992
1665,6660
1666,6664
1667,10002
1668,6672
1669,8345
1670,1670
1671,11697
1672,15048
1673,5019
1674,5022
1675,8375
1676,3352
1677,5031
1678,3356
1679,8395
1680,8400
1681,6724
1682,5046
1683,10098
1684,11788
1685,3370
1686,1686
1687,1687
1688,6752
1689,8445
1690,3380
1691,8455
1692,13536
1693,1693
1694,5082
1695,6780
1696,11872
1697,6788
1698,8490
1699,5097
1700,5100
1701,11907
1702,3404
1703,1703
1704,13632
1705,0
1706,6824
1707,11949
1708,5124
1709,5127
1710,11970
1711,5133
1712,8560
1713,3426
1714,8570
1715,3430
1716,17160
1717,3434
1718,13744
1719,5157
1720,8600
1721,6884
1722,6888
1723,5169
1724,1724
1725,6900
1726,12082
1727,5181
1728,1728
1729,6916
1730,8650
1731,6924
1732,3464
1733,1733
1734,3468
1735,3470
1736,8680
1737,10422
1738,5214
1739,10434
1740,5220
1741,10446
1742,6968
1743,10458
1744,8720
1745,6980
1746,10476
1747,5241
1748,6992
1749,6996
1750,7000
1751,10506
1752,7008
1753,5259
1754,12278
1755,7020
1756,8780
1757,7028
1758,5274
1759,3518
1760,1760
1761,8805
1762,10572
1763,1763
1764,5292
1765,8825
1766,10596
1767,5301
1768,7072
1769,3538
1770,3540
1771,10626
1772,7088
1773,3546
1774,1774
1775,7100
1776,7104
1777,5331
1778,3556
1779,0
1780,5340
1781,5343
1782,5346
1783,7132
1784,5352
1785,5355
1786,8930
1787,10722
1788,1788
1789,7156
1790,5370
1791,7164
1792,5376
1793,5379
1794,5382
1795,5385
1796,10776
1797,5391
1798,7192
1799,7196
1800,5400
1801,9005
1802,3604
1803,3606
1804,7216
1805,7220
1806,10836
1807,5421
1808,7232
1809,5427
1810,3620
1811,3622
1812,0
1813,9065
1814,1814
1815,1815
1816,1816
1817,5451
1818,5454
1819,7276
1820,7280
1821,5463
1822,3644
1823,9115
1824,1824
1825,5475
1826,5478
1827,7308
1828,5484
1829,10974
1830,3660
1831,7324
1832,3664
1833,3666
1834,1834
1835,14680
1836,5508
1837,7348
1838,5514
1839,1839
1840,3680
1841,1841
1842,5526
1843,9215
1844,1844
1845,11070
1846,5538
1847,9235
1848,3696
1849,0
1850,0
1851,5553
1852,9260
1853,1853
1854,7416
1855,5565
1856,7424
1857,1857
1858,5574
1859,5577
1860,3720
1861,3722
1862,3724
1863,3726
1864,5592
1865,3730
1866,5598
1867,3734
1868,7472
1869,1869
1870,5610
1871,1871
1872,5616
1873,7492
1874,3748
1875,5625
1876,7504
1877,3754
1878,7512
1879,3758
1880,5640
1881,3762
1882,5646
1883,9415
1884,3768
1885,11310
1886,11316
1887,3774
1888,1888
1889,1889
1890,0
1891,11346
1892,11352
1893,7572
1894,0
1895,5685
1896,3792
1897,7588
1898,7592
1899,5697
1900,1900
1901,0
1902,5706
1903,3806
1904,7616
1905,7620
1906,7624
1907,11442
1908,5724
1909,1909
1910,7640
1911,3822
1912,1912
1913,1913
1914,3828
1915,3830
1916,3832
1917,5751
1918,3836
1919,1919
1920,7680
1921,7684
1922,1922
1923,5769
1924,5772
1925,0
1926,5778
1927,13489
1928,5784
1929,3858
1930,3860
1931,3862
1932,5796
1933,1933
1934,5802
1935,5805
1936,3872
1937,5811
1938,1938
1939,11634
1940,5820
1941,1941
1942,0
1943,11658
1944,7776
1945,0
1946,9730
1947,5841
1948,5844
1949,7796
1950,1950
1951,5853
1952,13664
1953,1953
1954,1954
1955,1955
1956,9780
1957,3914
1958,5874
1959,0
1960,1960
1961,5883
1962,3924
1963,1963
1964,1964
1965,0
1966,7864
1967,5901
1968,5904
1969,9845
1970,3940
1971,5913
1972,0
1973,5919
1974,5922
1975,11850
1976,1976
1977,3954
1978,5934
1979,7916
1980,0
1981,11886
1982,9910
1983,3966
1984,7936
1985,7940
1986,1986
1987,3974
1988,1988
1989,3978
1990,3980
1991,5973
1992,0
1993,0
1994,1994
1995,3990
1996,1996
1997,0
1998,1998
1999,1999
2000,8000
2001,2001
2002,2002
2003,2003
2004,2004
2005,2005
2006,2006
2007,4014
2008,6024
2009,6027
2010,4020
2011,4022
2012,8048
2013,8052
2014,2014
2015,8060
2016,10080
2017,10085
2018,6054
2019,8076
2020,2020
2021,2021
2022,2022
2023,2023
2024,6072
2025,4050
2026,6078
2027,4054
2028,4056
2029,2029
2030,2030
2031,10155
2032,2032
2033,2033
2034,4068
2035,6105
2036,2036
2037,2037
2038,10190
2039,12234
2040,8160
2041,2041
2042,8168
2043,2043
2044,4088
2045,4090
2046,2046
2047,2047
2048,6144
2049,2049
2050,4100
2051,6153
2052,6156
2053,4106
2054,2054
2055,2055
2056,4112
2057,2057
2058,2058
2059,10295
2060,10300
2061,10305
2062,4124
2063,8252
2064,4128
2065,4130
2066,4132
2067,2067
2068,0
2069,12414
2070,6210
2071,2071
2072,0
2073,8292
2074,4148
2075,4150
2076,6228
2077,2077
2078,2078
2079,4158
2080,0
2081,2081
2082,6246
2083,4166
2084,4168
2085,0
2086,4172
2087,12522
2088,4176
2089,6267
2090,4180
2091,2091
2092,6276
2093,8372
2094,0
2095,2095
2096,4192
2097,4194
2098,12588
2099,6297
2100,2100
2101,4202
2102,2102
2103,4206
2104,10520
2105,6315
2106,2106
2107,6321
2108,6324
2109,4218
2110,4220
2111,4222
2112,2112
2113,4226
2114,8456
2115,0
2116,4232
2117,2117
2118,2118
2119,6357
2120,6360
2121,2121
2122,2122
2123,0
2124,6372
2125,2125
2126,0
2127,4254
2128,0
2129,2129
2130,2130
2131,6393
2132,4264
2133,8532
2134,6402
2135,4270
2136,4272
2137,4274
2138,6414
2139,6417
2140,2140
2141,2141
2142,4284
2143,4286
2144,4288
2145,0
2146,8584
2147,4294
2148,6444
2149,4298
2150,4300
2151,8604
2152,2152
2153,0
2154,4308
2155,0
2156,4312
2157,6471
2158,2158
2159,6477
2160,6480
2161,6483
2162,2162
2163,6489
2164,6492
2165,2165
2166,2166
2167,0
2168,4336
2169,6507
2170,4340
2171,0
2172,0
2173,13038
2174,2174
2175,6525
2176,0
2177,4354
2178,2178
2179,2179
2180,4360
2181,4362
2182,6546
2183,0
2184,4368
2185,4370
2186,6558
2187,2187
2188,2188
2189,8756
2190,2190
2191,4382
2192,6576
2193,8772
2194,6582
2195,2195
2196,4392
2197,6591
2198,4396
2199,0
2200,0
2201,2201
2202,8808
2203,6609
2204,4408
2205,4410
2206,4412
2207,8828
2208,2208
2209,6627
2210,4420
2211,2211
2212,2212
2213,6639
2214,0
2215,4430
2216,2216
2217,4434
2218,4436
2219,2219
2220,2220
2221,2221
2222,6666
2223,2223
2224,0
2225,4450
2226,2226
2227,2227
2228,4456
2229,2229
2230,2230
2231,2231
2232,2232
2233,4466
2234,2234
2235,2235
2236,6708
2237,4474
2238,2238
2239,6717
2240,2240
2241,6723
2242,6726
2243,0
2244,2244
2245,0
2246,2246
2247,0
2248,4496
2249,2249
2250,2250
2251,4502
2252,0
2253,6759
2254,0
2255,6765
2256,6768
2257,6771
2258,2258
2259,4518
2260,2260
2261,2261
2262,2262
2263,0
2264,6792
2265,2265
2266,0
2267,2267
2268,4536
2269,0
2270,0
2271,6813
2272,6816
2273,4546
2274,4548
2275,4550
2276,2276
2277,0
2278,2278
2279,6837
2280,4560
2281,0
2282,2282
2283,0
2284,4568
2285,2285
2286,9144
2287,4574
2288,0
2289,0
2290,9160
2291,4582
2292,6876
2293,2293
2294,2294
2295,4590
2296,4592
2297,0
2298,4596
2299,2299
2300,4600
2301,0
2302,4604
2303,2303
2304,0
2305,4610
2306,2306
2307,0
2308,0
2309,2309
2310,0
2311,0
2312,0
2313,4626
2314,2314
2315,0
2316,0
2317,4634
2318,4636
2319,2319
2320,2320
2321,2321
2322,4644
2323,2323
2324,0
2325,6975
2326,0
2327,2327
2328,4656
2329,4658
2330,2330
2331,4662
2332,2332
2333,2333
2334,2334
2335,2335
2336,4672
2337,2337
2338,2338
2339,0
2340,2340
2341,2341
2342,7026
2343,2343
2344,4688
2345,2345
2346,2346
2347,0
2348,4696
2349,0
2350,0
2351,7053
2352,0
2353,4706
2354,4708
2355,0
2356,2356
2357,4714
2358,4716
2359,0
2360,2360
2361,2361
2362,2362
2363,4726
2364,2364
2365,4730
2366,2366
2367,2367
2368,2368
2369,2369
2370,0
2371,0
2372,0
2373,0
2374,2374
2375,4750
2376,4752
2377,4754
2378,4756
2379,2379
2380,2380
2381,2381
2382,2382
2383,0
2384,0
2385,2385
2386,0
2387,0
2388,7164
2389,0
2390,2390
2391,0
2392,2392
2393,0
2394,2394
2395,2395
2396,2396
2397,4794
2398,0
2399,0
2400,2400
2401,0
2402,0
2403,2403
2404,2404
2405,4810
2406,4812
2407,0
2408,9632
2409,2409
2410,2410
2411,0
2412,0
2413,2413
2414,0
2415,4830
2416,0
2417,0
2418,2418
2419,7257
2420,0
2421,4842
2422,0
2423,7269
2424,0
2425,2425
2426,7278
2427,0
2428,4856
2429,4858
2430,0
2431,0
2432,4864
2433,2433
2434,0
2435,0
2436,2436
2437,2437
2438,7314
2439,2439
2440,7320
2441,0
2442,7326
2443,0
2444,2444
2445,4890
2446,2446
2447,4894
2448,0
2449,7347
2450,4900
2451,2451
2452,4904
2453,4906
2454,4908
2455,4910
2456,2456
2457,0
2458,0
2459,4918
2460,0
2461,0
2462,9848
2463,7389
2464,2464
2465,4930
2466,2466
2467,0
2468,2468
2469,7407
2470,2470
2471,0
2472,2472
2473,2473
2474,2474
2475,0
2476,2476
2477,0
2478,2478
2479,0
2480,7440
2481,2481
2482,4964
2483,2483
2484,0
2485,0
2486,0
2487,4974
2488,7464
2489,2489
2490,2490
2491,0
2492,7476
2493,2493
2494,4988
2495,2495
2496,4992
2497,0
2498,2498
2499,7497
2500,0
2501,2501
2502,2502
2503,5006
2504,5008
2505,2505
2506,2506
2507,7521
2508,2508
2509,0
2510,0
2511,2511
2512,2512
2513,10052
2514,2514
2515,0
2516,0
2517,2517
2518,2518
2519,0
2520,0
2521,2521
2522,2522
2523,2523
2524,2524
2525,0
2526,5052
2527,0
2528,2528
2529,0
2530,5060
2531,2531
2532,5064
2533,0
2534,0
2535,2535
2536,0
2537,2537
2538,0
2539,0
2540,2540
2541,0
2542,2542
2543,0
2544,0
2545,0
2546,0
2547,0
2548,2548
2549,5098
2550,7650
2551,2551
2552,5104
2553,5106
2554,0
2555,0
2556,0
2557,2557
2558,0
2559,2559
2560,2560
2561,0
2562,0
2563,0
2564,5128
2565,2565
2566,2566
2567,7701
2568,2568
2569,5138
2570,2570
2571,2571
2572,2572
2573,7719
2574,0
2575,2575
2576,5152
2577,0
2578,0
2579,2579
2580,2580
2581,5162
2582,5164
2583,0
2584,5168
2585,0
2586,0
2587,0
2588,0
2589,2589
2590,2590
2591,2591
2592,0
2593,7779
2594,0
2595,0
2596,5192
2597,2597
2598,2598
2599,2599
2600,0
2601,0
2602,0
2603,0
2604,2604
2605,0
2606,5212
2607,0
2608,2608
2609,2609
2610,0
2611,5222
2612,0
2613,0
2614,2614
2615,5230
2616,0
2617,2617
2618,0
2619,2619
2620,0
2621,2621
2622,5244
2623,2623
2624,7872
2625,2625
2626,5252
2627,2627
2628,0
2629,7887
2630,5260
2631,0
2632,5264
2633,2633
2634,5268
2635,2635
2636,5272
2637,2637
2638,2638
2639,2639
2640,0
2641,2641
2642,2642
2643,2643
2644,0
2645,2645
2646,2646
2647,5294
2648,2648
2649,2649
2650,0
2651,2651
2652,2652
2653,5306
2654,2654
2655,0
2656,5312
2657,2657
2658,0
2659,2659
2660,0
2661,5322
2662,5324
2663,0
2664,5328
2665,10660
2666,5332
2667,2667
2668,0
2669,0
2670,0
2671,0
2672,0
2673,5346
2674,2674
2675,0
2676,0
2677,0
2678,2678
2679,2679
2680,2680
2681,2681
2682,5364
2683,2683
2684,2684
2685,0
2686,5372
2687,2687
2688,5376
2689,0
2690,0
2691,0
2692,8076
2693,0
2694,8082
2695,2695
2696,2696
2697,0
2698,0
2699,0
2700,2700
2701,0
2702,0
2703,0
2704,0
2705,0
2706,0
2707,2707
2708,2708
2709,0
2710,8130
2711,8133
2712,5424
2713,8139
2714,2714
2715,2715
2716,5432
2717,0
2718,5436
2719,0
2720,8160
2721,0
2722,0
2723,0
2724,2724
2725,0
2726,2726
2727,5454
2728,2728
2729,0
2730,0
2731,2731
2732,2732
2733,0
2734,0
2735,0
2736,0
2737,0
2738,0
2739,5478
2740,0
2741,2741
2742,2742
2743,0
2744,2744
2745,2745
2746,0
2747,5494
2748,0
2749,5498
2750,0
2751,2751
2752,0
2753,0
2754,0
2755,0
2756,2756
2757,2757
2758,0
2759,0
2760,5520
2761,2761
2762,2762
2763,0
2764,0
2765,5530
2766,5532
2767,0
2768,0
2769,2769
2770,0
2771,2771
2772,0
2773,0
2774,2774
2775,2775
2776,0
2777,0
2778,2778
2779,0
2780,2780
2781,0
2782,2782
2783,2783
2784,0
2785,2785
2786,2786
2787,5574
2788,8364
2789,2789
2790,0
2791,5582
2792,5584
2793,5586
2794,0
2795,0
2796,2796
2797,0
2798,0
2799,2799
2800,0
2801,0
2802,0
2803,5606
2804,2804
2805,0
2806,2806
2807,5614
2808,0
2809,0
2810,0
2811,0
2812,0
2813,8439
2814,5628
2815,0
2816,0
2817,8451
2818,0
2819,2819
2820,2820
2821,2821
2822,2822
2823,0
2824,2824
2825,0
2826,0
2827,11308
2828,0
2829,8487
2830,5660
2831,0
2832,11328
2833,0
2834,2834
2835,2835
2836,0
2837,0
2838,0
2839,0
2840,0
2841,2841
2842,0
2843,0
2844,2844
2845,0
2846,2846
2847,0
2848,2848
2849,2849
2850,5700
2851,2851
2852,2852
2853,2853
2854,0
2855,0
2856,0
2857,5714
2858,0
2859,2859
2860,2860
2861,0
2862,2862
2863,2863
2864,0
2865,0
2866,5732
2867,2867
2868,5736
2869,0
2870,0
2871,8613
2872,2872
2873,2873
2874,2874
2875,2875
2876,0
2877,2877
2878,0
2879,0
2880,0
2881,2881
2882,2882
2883,8649
2884,0
2885,2885
2886,2886
2887,8661
2888,0
2889,0
2890,5780
2891,8673
2892,0
2893,2893
2894,0
2895,2895
2896,5792
2897,0
2898,0
2899,2899
2900,2900
2901,0
2902,0
2903,0
2904,2904
2905,2905
2906,0
2907,2907
2908,0
2909,2909
2910,0
2911,5822
2912,0
2913,2913
2914,2914
2915,5830
2916,11664
2917,2917
2918,0
2919,0
2920,0
2921,0
2922,5844
2923,0
2924,0
2925,2925
2926,0
2927,0
2928,2928
2929,2929
2930,2930
2931,0
2932,0
2933,2933
2934,2934
2935,8805
2936,2936
2937,0
2938,2938
2939,5878
2940,0
2941,2941
2942,0
2943,0
2944,2944
2945,0
2946,5892
2947,2947
2948,2948
2949,2949
2950,0
2951,0
2952,8856
2953,5906
2954,0
2955,0
2956,2956
2957,0
2958,0
2959,0
2960,2960
2961,2961
2962,0
2963,0
2964,2964
2965,0
2966,0
2967,0
2968,2968
2969,0
2970,2970
2971,2971
2972,0
2973,2973
2974,2974
2975,0
2976,5952
2977,0
2978,0
2979,0
2980,2980
2981,0
2982,2982
2983,0
2984,0
2985,0
2986,0
2987,0
2988,5976
2989,0
2990,2990
2991,2991
2992,2992
2993,0
2994,0
2995,0
2996,5992
2997,2997
2998,0
2999,0
3000,9000
3001,3001
3002,0
3003,3003
3004,0
3005,0
3006,0
3007,0
3008,0
3009,3009
3010,3010
3011,3011
3012,0
3013,3013
3014,0
3015,0
3016,3016
3017,3017
3018,3018
3019,0
3020,0
3021,6042
3022,9066
3023,3023
3024,0
3025,0
3026,0
3027,3027
3028,6056
3029,0
3030,0
3031,3031
3032,12128
3033,3033
3034,0
3035,0
3036,3036
3037,0
3038,3038
3039,0
3040,0
3041,0
3042,3042
3043,0
3044,0
3045,9135
3046,3046
3047,0
3048,3048
3049,3049
3050,0
3051,3051
3052,3052
3053,0
3054,3054
3055,0
3056,0
3057,3057
3058,0
3059,0
3060,6120
3061,0
3062,0
3063,6126
3064,0
3065,0
3066,3066
3067,0
3068,3068
3069,3069
3070,0
3071,0
3072,0
3073,0
3074,0
3075,3075
3076,0
3077,0
3078,0
3079,0
3080,3080
3081,3081
3082,3082
3083,0
3084,6168
3085,0
3086,3086
3087,6174
3088,0
3089,0
3090,0
3091,0
3092,0
3093,0
3094,0
3095,3095
3096,0
3097,0
3098,0
3099,3099
3100,9300
3101,0
3102,0
3103,0
3104,0
3105,0
3106,0
3107,0
3108,0
3109,0
3110,3110
3111,0
3112,0
3113,3113
3114,0
3115,3115
3116,3116
3117,3117
3118,0
3119,3119
3120,0
3121,0
3122,3122
3123,0
3124,3124
3125,3125
3126,0
3127,3127
3128,0
3129,0
3130,0
3131,0
3132,6264
3133,6266
3134,3134
3135,0
3136,0
3137,0
3138,0
3139,0
3140,3140
3141,0
3142,0
3143,0
3144,0
3145,0
3146,0
3147,3147
3148,0
3149,3149
3150,6300
3151,0
3152,0
3153,0
3154,3154
3155,0
3156,0
3157,3157
3158,0
3159,3159
3160,0
3161,0
3162,3162
3163,3163
3164,0
3165,0
3166,0
3167,0
3168,3168
3169,3169
3170,0
3171,0
3172,3172
3173,0
3174,6348
3175,0
3176,3176
3177,0
3178,0
3179,0
3180,0
3181,0
3182,0
3183,3183
3184,0
3185,3185
3186,0
3187,0
3188,0
3189,0
3190,0
3191,0
3192,6384
3193,3193
3194,3194
3195,3195
3196,3196
3197,6394
3198,0
3199,3199
3200,0
3201,0
3202,0
3203,3203
3204,0
3205,0
3206,0
3207,0
3208,3208
3209,0
3210,0
3211,0
3212,0
3213,0
3214,0
3215,0
3216,0
3217,0
3218,0
3219,3219
3220,0
3221,3221
3222,0
3223,0
3224,0
3225,6450
3226,6452
3227,0
3228,3228
3229,0
3230,0
3231,0
3232,0
3233,0
3234,0
3235,0
3236,0
3237,3237
3238,0
3239,0
3240,0
3241,0
3242,6484
3243,6486
3244,0
3245,0
3246,3246
3247,0
3248,0
3249,0
3250,3250
3251,0
3252,3252
3253,3253
3254,6508
3255,0
3256,3256
3257,0
3258,0
3259,0
3260,0
3261,0
3262,0
3263,0
3264,0
3265,3265
3266,0
3267,3267
3268,3268
3269,0
3270,0
3271,0
3272,0
3273,3273
3274,0
3275,0
3276,0
3277,3277
3278,3278
3279,0
3280,0
3281,3281
3282,3282
3283,3283
3284,0
3285,3285
3286,3286
3287,0
3288,3288
3289,6578
3290,0
3291,0
3292,0
3293,3293
3294,0
3295,0
3296,0
3297,0
3298,0
3299,0
3300,3300
3301,0
3302,3302
3303,6606
3304,3304
3305,0
3306,0
3307,0
3308,3308
3309,3309
3310,0
3311,0
3312,0
3313,0
3314,0
3315,0
3316,3316
3317,0
3318,0
3319,0
3320,0
3321,0
3322,3322
3323,0
3324,0
3325,0
3326,0
3327,0
3328,0
3329,0
3330,0
3331,3331
3332,0
3333,0
3334,0
3335,0
3336,0
3337,0
3338,0
3339,6678
3340,0
3341,0
3342,0
3343,0
3344,0
3345,0
3346,0
3347,0
3348,0
3349,3349
3350,0
3351,3351
3352,0
3353,10059
3354,0
3355,6710
3356,3356
3357,3357
3358,6716
3359,0
3360,0
3361,0
3362,0
3363,3363
3364,0
3365,3365
3366,0
3367,3367
3368,0
3369,0
3370,0
3371,0
3372,0
3373,0
3374,0
3375,0
3376,0
3377,0
3378,3378
3379,0
3380,0
3381,0
3382,0
3383,0
3384,0
3385,0
3386,0
3387,3387
3388,0
3389,0
3390,0
3391,0
3392,3392
3393,0
3394,0
3395,0
3396,0
3397,0
3398,6796
3399,3399
3400,3400
3401,3401
3402,3402
3403,0
3404,0
3405,0
3406,0
3407,0
3408,0
3409,0
3410,0
3411,0
3412,3412
3413,3413
3414,0
3415,0
3416,3416
3417,0
3418,0
3419,0
3420,0
3421,0
3422,3422
3423,0
3424,0
3425,3425
3426,3426
3427,0
3428,0
3429,0
3430,0
3431,3431
3432,0
3433,0
3434,0
3435,0
3436,0
3437,0
3438,0
3439,0
3440,0
3441,0
3442,0
3443,0
3444,0
3445,0
3446,0
3447,3447
3448,0
3449,0
3450,3450
3451,0
3452,0
3453,0
3454,0
3455,0
3456,0
3457,0
3458,3458
3459,0
3460,3460
3461,0
3462,0
3463,3463
3464,0
3465,0
3466,0
3467,3467
3468,13872
3469,0
3470,3470
3471,3471
3472,3472
3473,0
3474,0
3475,3475
3476,0
3477,3477
3478,0
3479,0
3480,0
3481,0
3482,0
3483,0
3484,0
3485,0
3486,0
3487,3487
3488,0
3489,0
3490,0
3491,0
3492,0
3493,0
3494,0
3495,0
3496,0
3497,3497
3498,0
3499,3499
3500,0
3501,0
3502,0
3503,3503
3504,0
3505,3505
3506,0
3507,3507
3508,0
3509,7018
3510,0
3511,3511
3512,0
3513,0
3514,0
3515,0
3516,7032
3517,0
3518,3518
3519,0
3520,0
3521,3521
3522,0
3523,3523
3524,0
3525,0
3526,3526
3527,0
3528,3528
3529,0
3530,0
3531,0
3532,0
3533,0
3534,0
3535,0
3536,0
3537,0
3538,3538
3539,3539
3540,0
3541,0
3542,0
3543,3543
3544,0
3545,0
3546,3546
3547,0
3548,0
3549,3549
3550,0
3551,0
3552,0
3553,3553
3554,3554
3555,3555
3556,0
3557,3557
3558,0
3559,0
3560,0
3561,0
3562,0
3563,0
3564,7128
3565,3565
3566,0
3567,0
3568,0
3569,0
3570,0
3571,0
3572,0
3573,0
3574,7148
3575,3575
3576,0
3577,0
3578,0
3579,0
3580,0
3581,0
3582,3582
3583,0
3584,3584
3585,3585
3586,0
3587,3587
3588,3588
3589,0
3590,3590
3591,0
3592,3592
3593,3593
3594,0
3595,0
3596,3596
3597,3597
3598,7196
3599,0
3600,0
3601,0
3602,3602
3603,0
3604,0
3605,0
3606,3606
3607,0
3608,0
3609,0
3610,0
3611,0
3612,0
3613,3613
3614,0
3615,0
3616,0
3617,3617
3618,0
3619,0
3620,0
3621,0
3622,0
3623,0
3624,0
3625,3625
3626,0
3627,0
3628,0
3629,3629
3630,0
3631,0
3632,0
3633,0
3634,0
3635,0
3636,0
3637,0
3638,3638
3639,0
3640,0
3641,0
3642,0
3643,0
3644,3644
3645,0
3646,0
3647,0
3648,0
3649,0
3650,0
3651,0
3652,0
3653,0
3654,0
3655,0
3656,0
3657,3657
3658,0
3659,0
3660,0
3661,0
3662,0
3663,0
3664,0
3665,0
3666,0
3667,3667
3668,0
3669,3669
3670,0
3671,0
3672,0
3673,3673
3674,0
3675,0
3676,0
3677,3677
3678,0
3679,7358
3680,0
3681,0
3682,0
3683,0
3684,0
3685,0
3686,7372
3687,0
3688,0
3689,0
3690,0
3691,0
3692,0
3693,3693
3694,0
3695,3695
3696,3696
3697,0
3698,0
3699,0
3700,0
3701,0
3702,3702
3703,0
3704,0
3705,0
3706,0
3707,0
3708,0
3709,0
3710,3710
3711,0
3712,0
3713,3713
3714,0
3715,0
3716,0
3717,0
3718,0
3719,0
3720,0
3721,0
3722,3722
3723,0
3724,0
3725,3725
3726,0
3727,0
3728,0
3729,0
3730,0
3731,0
3732,0
3733,0
3734,3734
3735,3735
3736,0
3737,0
3738,0
3739,0
3740,0
3741,0
3742,0
3743,3743
3744,0
3745,0
3746,3746
3747,3747
3748,0
3749,3749
3750,0
3751,0
3752,0
3753,3753
3754,0
3755,0
3756,0
3757,3757
3758,0
3759,0
3760,0
3761,3761
3762,0
3763,0
3764,0
3765,0
3766,0
3767,0
3768,0
3769,0
3770,3770
3771,3771
3772,0
3773,3773
3774,0
3775,0
3776,0
3777,0
3778,0
3779,7558
3780,3780
3781,3781
3782,0
3783,0
3784,0
3785,0
3786,0
3787,0
3788,3788
3789,0
3790,0
3791,0
3792,0
3793,0
3794,0
3795,0
3796,0
3797,0
3798,0
3799,0
3800,0
3801,0
3802,7604
3803,0
3804,0
3805,3805
3806,0
3807,0
3808,0
3809,0
3810,3810
3811,0
3812,0
3813,3813
3814,0
3815,0
3816,3816
3817,0
3818,0
3819,0
3820,0
3821,0
3822,0
3823,0
3824,0
3825,0
3826,0
3827,0
3828,0
3829,0
3830,0
3831,0
3832,0
3833,0
3834,0
3835,3835
3836,0
3837,0
3838,0
3839,0
3840,0
3841,3841
3842,0
3843,0
3844,3844
3845,0
3846,0
3847,0
3848,0
3849,3849
3850,0
3851,0
3852,0
3853,0
3854,0
3855,0
3856,0
3857,0
3858,3858
3859,0
3860,0
3861,0
3862,0
3863,3863
3864,3864
3865,0
3866,0
3867,3867
3868,3868
3869,3869
3870,0
3871,0
3872,0
3873,0
3874,0
3875,3875
3876,0
3877,0
3878,0
3879,0
3880,0
3881,0
3882,0
3883,0
3884,0
3885,0
3886,0
3887,0
3888,3888
3889,0
3890,0
3891,0
3892,0
3893,0
3894,0
3895,0
3896,3896
3897,0
3898,0
3899,0
3900,0
3901,0
3902,0
3903,0
3904,0
3905,0
3906,0
3907,0
3908,0
3909,0
3910,0
3911,3911
3912,0
3913,0
3914,0
3915,0
3916,3916
3917,7834
3918,3918
3919,3919
3920,0
3921,3921
3922,0
3923,0
3924,0
3925,3925
3926,3926
3927,0
3928,0
3929,0
3930,0
3931,0
3932,0
3933,0
3934,0
3935,0
3936,0
3937,3937
3938,0
3939,0
3940,0
3941,0
3942,0
3943,0
3944,3944
3945,0
3946,0
3947,3947
3948,0
3949,0
3950,0
3951,0
3952,0
3953,0
3954,3954
3955,3955
3956,3956
3957,0
3958,0
3959,3959
3960,0
3961,0
3962,0
3963,0
3964,0
3965,0
3966,0
3967,0
3968,0
3969,0
3970,3970
3971,0
3972,0
3973,0
3974,0
3975,3975
3976,0
3977,0
3978,3978
3979,0
3980,0
3981,0
3982,0
3983,0
3984,0
3985,0
3986,0
3987,3987
3988,3988
3989,0
3990,0
3991,0
3992,0
3993,3993
3994,0
3995,0
3996,0
3997,0
3998,0
3999,0
4000,0
4001,0
4002,4002
4003,4003
4004,0
4005,0
4006,0
4007,0
4008,0
4009,0
4010,0
4011,0
4012,0
4013,0
4014,0
4015,0
4016,4016
4017,0
4018,4018
4019,0
4020,0
4021,0
4022,4022
4023,0
4024,4024
4025,0
4026,4026
4027,0
4028,0
4029,0
4030,4030
4031,0
4032,0
4033,4033
4034,0
4035,0
4036,4036
4037,0
4038,0
4039,0
4040,0
4041,0
4042,0
4043,0
4044,0
4045,0
4046,0
4047,0
4048,0
4049,4049
4050,0
4051,8102
4052,0
4053,0
4054,0
4055,4055
4056,0
4057,0
4058,0
4059,0
4060,0
4061,0
4062,0
4063,0
4064,0
4065,4065
4066,0
4067,0
4068,0
4069,0
4070,0
4071,4071
4072,0
4073,0
4074,0
4075,0
4076,0
4077,0
4078,0
4079,4079
4080,0
4081,0
4082,0
4083,0
4084,0
4085,0
4086,0
4087,4087
4088,0
4089,0
4090,0
4091,0
4092,0
4093,0
4094,0
4095,4095
4096,8192
4097,0
4098,0
4099,0
4100,0
4101,0
4102,0
4103,0
4104,0
4105,0
4106,0
4107,0
4108,0
4109,0
4110,0
4111,0
4112,0
4113,0
4114,0
4115,0
4116,0
4117,0
4118,0
4119,4119
4120,0
4121,0
4122,0
4123,0
4124,0
4125,4125
4126,0
4127,0
4128,0
4129,0
4130,0
4131,0
4132,0
4133,0
4134,0
4135,4135
4136,0
4137,0
4138,0
4139,0
4140,0
4141,0
4142,0
4143,4143
4144,0
4145,0
4146,0
4147,0
4148,0
4149,0
4150,0
4151,0
4152,0
4153,4153
4154,0
4155,0
4156,0
4157,0
4158,0
4159,0
4160,0
4161,0
4162,0
4163,0
4164,0
4165,0
4166,0
4167,0
4168,0
4169,0
4170,0
4171,4171
4172,0
4173,0
4174,0
4175,0
4176,0
4177,0
4178,0
4179,4179
4180,4180
4181,0
4182,0
4183,0
4184,0
4185,0
4186,0
4187,0
4188,0
4189,0
4190,0
4191,0
4192,0
4193,0
4194,0
4195,0
4196,8392
4197,4197
4198,0
4199,0
4200,0
4201,0
4202,0
4203,0
4204,4204
4205,0
4206,0
4207,0
4208,0
4209,0
4210,0
4211,0
4212,0
4213,4213
4214,0
4215,0
4216,0
4217,0
4218,0
4219,0
4220,0
4221,0
4222,0
4223,0
4224,0
4225,0
4226,0
4227,0
4228,0
4229,0
4230,0
4231,4231
4232,4232
4233,4233
4234,4234
4235,0
4236,0
4237,0
4238,0
4239,0
4240,4240
4241,0
4242,0
4243,0
4244,0
4245,4245
4246,0
4247,0
4248,0
4249,0
4250,0
4251,0
4252,0
4253,0
4254,0
4255,0
4256,0
4257,0
4258,4258
4259,0
4260,0
4261,0
4262,4262
4263,4263
4264,0
4265,0
4266,0
4267,0
4268,0
4269,4269
4270,0
4271,8542
4272,0
4273,0
4274,0
4275,0
4276,0
4277,4277
4278,8556
4279,0
4280,0
4281,0
4282,0
4283,0
4284,0
4285,0
4286,0
4287,0
4288,0
4289,4289
4290,0
4291,0
4292,0
4293,0
4294,0
4295,0
4296,0
4297,0
4298,4298
4299,0
4300,0
4301,0
4302,0
4303,4303
4304,4304
4305,0
4306,0
4307,0
4308,0
4309,0
4310,4310
4311,4311
4312,4312
4313,0
4314,0
4315,0
4316,0
4317,0
4318,0
4319,0
4320,0
4321,0
4322,0
4323,0
4324,0
4325,0
4326,0
4327,0
4328,0
4329,0
4330,0
4331,0
4332,0
4333,0
4334,0
4335,0
4336,0
4337,0
4338,0
4339,0
4340,0
4341,4341
4342,0
4343,4343
4344,0
4345,0
4346,4346
4347,0
4348,0
4349,0
4350,0
4351,0
4352,0
4353,0
4354,0
4355,0
4356,0
4357,0
4358,0
4359,0
4360,0
4361,0
4362,0
4363,0
4364,0
4365,0
4366,0
4367,0
4368,0
4369,0
4370,0
4371,0
4372,0
4373,0
4374,0
4375,0
4376,0
4377,0
4378,0
4379,0
4380,0
4381,0
4382,0
4383,0
4384,0
4385,0
4386,0
4387,0
4388,0
4389,0
4390,0
4391,0
4392,0
4393,0
4394,0
4395,4395
4396,0
4397,4397
4398,0
4399,0
4400,0
4401,0
4402,0
4403,0
4404,0
4405,0
4406,0
4407,0
4408,0
4409,0
4410,4410
4411,0
4412,0
4413,0
4414,0
4415,0
4416,0
4417,0
4418,0
4419,0
4420,0
4421,0
4422,0
4423,0
4424,0
4425,0
4426,0
4427,0
4428,0
4429,0
4430,4430
4431,0
4432,0
4433,0
4434,0
4435,0
4436,0
4437,0
4438,0
4439,4439
4440,0
4441,0
4442,0
4443,0
4444,0
4445,0
4446,0
4447,0
4448,0
4449,0
4450,0
4451,0
4452,0
4453,4453
4454,0
4455,0
4456,0
4457,0
4458,0
4459,0
4460,0
4461,0
4462,0
4463,0
4464,0
4465,0
4466,0
4467,0
4468,0
4469,0
4470,0
4471,0
4472,0
4473,0
4474,4474
4475,0
4476,0
4477,0
4478,0
4479,0
4480,0
4481,0
4482,0
4483,0
4484,4484
4485,0
4486,0
4487,0
4488,0
4489,0
4490,0
4491,0
4492,0
4493,0
4494,4494
4495,0
4496,0
4497,0
4498,0
4499,0
4500,0
4501,0
4502,0
4503,0
4504,0
4505,0
4506,0
4507,0
4508,0
4509,0
4510,0
4511,0
4512,0
4513,4513
4514,0
4515,0
4516,0
4517,0
4518,0
4519,0
4520,0
4521,0
4522,0
4523,0
4524,0
4525,0
4526,0
4527,0
4528,0
4529,0
4530,0
4531,0
4532,0
4533,0
4534,0
4535,0
4536,0
4537,0
4538,0
4539,0
4540,0
4541,0
4542,0
4543,0
4544,0
4545,0
4546,0
4547,0
4548,0
4549,4549
4550,0
4551,0
4552,4552
4553,0
4554,0
4555,0
4556,0
4557,0
4558,0
4559,0
4560,0
4561,0
4562,0
4563,0
4564,4564
4565,0
4566,0
4567,4567
4568,0
4569,0
4570,0
4571,0
4572,0
4573,0
4574,0
4575,0
4576,4576
4577,0
4578,0
4579,0
4580,0
4581,0
4582,0
4583,0
4584,0
4585,0
4586,4586
4587,4587
4588,0
4589,0
4590,0
4591,0
4592,0
4593,4593
4594,0
4595,0
4596,0
4597,0
4598,0
4599,0
4600,0
4601,0
4602,0
4603,0
4604,4604
4605,0
4606,4606
4607,0
4608,0
4609,0
4610,0
4611,0
4612,0
4613,0
4614,4614
4615,0
4616,0
4617,0
4618,0
4619,0
4620,0
4621,0
4622,0
4623,0
4624,0
4625,0
4626,4626
4627,0
4628,0
4629,0
4630,0
4631,0
4632,0
4633,0
4634,0
4635,0
4636,0
4637,0
4638,0
4639,0
4640,4640
4641,0
4642,0
4643,0
4644,0
4645,0
4646,0
4647,0
4648,0
4649,0
4650,0
4651,0
4652,0
4653,0
4654,0
4655,0
4656,0
4657,0
4658,0
4659,0
4660,0
4661,0
4662,0
4663,0
4664,0
4665,4665
4666,0
4667,0
4668,0
4669,0
4670,0
4671,0
4672,0
4673,0
4674,0
4675,0
4676,0
4677,0
4678,0
4679,0
4680,0
4681,0
4682,0
4683,0
4684,0
4685,4685
4686,0
4687,0
4688,0
4689,0
4690,0
4691,0
4692,0
4693,0
4694,0
4695,0
4696,0
4697,0
4698,0
4699,0
4700,0
4701,0
4702,0
4703,0
4704,0
4705,0
4706,0
4707,0
4708,0
4709,0
4710,0
4711,0
4712,0
4713,4713
4714,0
4715,0
4716,0
4717,0
4718,0
4719,0
4720,0
4721,0
4722,0
4723,0
4724,0
4725,0
4726,0
4727,0
4728,0
4729,0
4730,0
4731,0
4732,0
4733,0
4734,0
4735,0
4736,0
4737,0
4738,0
4739,0
4740,0
4741,0
4742,0
4743,4743
4744,4744
4745,0
4746,0
4747,0
4748,0
4749,0
4750,0
4751,0
4752,0
4753,0
4754,0
4755,0
4756,0
4757,0
4758,0
4759,0
4760,0
4761,0
4762,4762
4763,0
4764,0
4765,0
4766,0
4767,4767
4768,0
4769,0
4770,0
4771,0
4772,0
4773,0
4774,0
4775,0
4776,4776
4777,0
4778,0
4779,0
4780,0
4781,0
4782,0
4783,0
4784,0
4785,0
4786,0
4787,0
4788,0
4789,0
4790,0
4791,0
4792,0
4793,0
4794,0
4795,0
4796,0
4797,0
4798,0
4799,0
4800,0
4801,0
4802,0
4803,0
4804,0
4805,0
4806,0
4807,0
4808,0
4809,0
4810,0
4811,0
4812,0
4813,0
4814,0
4815,0
4816,4816
4817,0
4818,0
4819,4819
4820,4820
4821,0
4822,0
4823,0
4824,0
4825,0
4826,0
4827,0
4828,0
4829,0
4830,0
4831,0
4832,0
4833,0
4834,0
4835,0
4836,0
4837,0
4838,0
4839,0
4840,0
4841,0
4842,0
4843,0
4844,0
4845,0
4846,0
4847,0
4848,0
4849,0
4850,0
4851,0
4852,0
4853,0
4854,0
4855,0
4856,0
4857,0
4858,0
4859,0
4860,0
4861,0
4862,0
4863,0
4864,0
4865,0
4866,0
4867,0
4868,0
4869,0
4870,0
4871,0
4872,0
4873,0
4874,0
4875,0
4876,0
4877,0
4878,0
4879,0
4880,0
4881,0
4882,0
4883,4883
4884,0
4885,4885
4886,4886
4887,0
4888,0
4889,0
4890,0
4891,0
4892,0
4893,0
4894,0
4895,0
4896,0
4897,0
4898,0
4899,0
4900,4900
4901,0
4902,4902
4903,0
4904,0
4905,0
4906,0
4907,0
4908,4908
4909,0
4910,0
4911,0
4912,0
4913,0
4914,0
4915,0
4916,0
4917,0
4918,0
4919,0
4920,0
4921,0
4922,0
4923,0
4924,0
4925,0
4926,0
4927,0
4928,0
4929,0
4930,0
4931,0
4932,0
4933,0
4934,0
4935,0
4936,0
4937,0
4938,0
4939,0
4940,0
4941,0
4942,4942
4943,0
4944,0
4945,0
4946,0
4947,0
4948,0
4949,0
4950,0
4951,0
4952,0
4953,0
4954,0
4955,0
4956,4956
4957,0
4958,0
4959,0
4960,0
4961,0
4962,0
4963,0
4964,0
4965,0
4966,0
4967,0
4968,4968
4969,0
4970,0
4971,0
4972,0
4973,0
4974,0
4975,0
4976,0
4977,0
4978,0
4979,0
4980,0
4981,0
4982,4982
4983,0
4984,0
4985,4985
4986,0
4987,0
4988,0
4989,0
4990,0
4991,0
4992,0
4993,0
4994,0
4995,0
4996,0
4997,0
4998,0
4999,0
5000,0
5001,0
5002,0
5003,0
5004,0
5005,0
5006,0
5007,0
5008,0
5009,5009
5010,0
5011,0
5012,0
5013,0
5014,0
5015,0
5016,0
5017,0
5018,0
5019,0
5020,5020
5021,0
5022,0
5023,0
5024,0
5025,0
5026,0
5027,0
5028,0
5029,0
5030,0
5031,0
5032,0
5033,0
5034,0
5035,0
5036,5036
5037,0
5038,0
5039,0
5040,0
5041,0
5042,5042
5043,0
5044,0
5045,0
5046,0
5047,0
5048,0
5049,0
5050,0
5051,0
5052,0
5053,0
5054,0
5055,0
5056,0
5057,0
5058,0
5059,0
5060,0
5061,0
5062,0
5063,0
5064,0
5065,0
5066,5066
5067,0
5068,0
5069,0
5070,0
5071,0
5072,0
5073,0
5074,0
5075,0
5076,0
5077,0
5078,5078
5079,0
5080,0
5081,0
5082,0
5083,0
5084,0
5085,0
5086,0
5087,0
5088,0
5089,0
5090,0
5091,0
5092,0
5093,0
5094,0
5095,0
5096,0
5097,0
5098,0
5099,0
5100,0
5101,0
5102,0
5103,0
5104,0
5105,0
5106,0
5107,0
5108,0
5109,0
5110,0
5111,0
5112,0
5113,0
5114,0
5115,0
5116,0
5117,0
5118,0
5119,0
5120,0
5121,0
5122,0
5123,0
5124,0
5125,0
5126,0
5127,0
5128,0
5129,5129
5130,0
5131,0
5132,0
5133,0
5134,0
5135,0
5136,0
5137,0
5138,0
5139,0
5140,0
5141,0
5142,0
5143,0
5144,0
5145,0
5146,0
5147,0
5148,0
5149,0
5150,0
5151,0
5152,0
5153,0
5154,0
5155,0
5156,0
5157,0
5158,0
5159,0
5160,0
5161,0
5162,0
5163,0
5164,0
5165,0
5166,0
5167,0
5168,0
5169,0
5170,0
5171,0
5172,0
5173,0
5174,0
5175,0
5176,0
5177,0
5178,0
5179,5179
5180,0
5181,0
5182,0
5183,0
5184,0
5185,0
5186,0
5187,0
5188,0
5189,0
5190,0
5191,5191
5192,0
5193,0
5194,0
5195,0
5196,0
5197,5197
5198,0
5199,0
5200,0
5201,0
5202,5202
5203,0
5204,0
5205,0
5206,0
5207,0
5208,0
5209,0
5210,0
5211,0
5212,0
5213,0
5214,0
5215,0
5216,0
5217,0
5218,0
5219,0
5220,0
5221,0
5222,0
5223,0
5224,0
5225,0
5226,0
5227,0
5228,0
5229,0
5230,0
5231,0
5232,0
5233,0
5234,0
5235,0
5236,0
5237,0
5238,0
5239,0
5240,0
5241,0
5242,0
5243,0
5244,0
5245,0
5246,0
5247,0
5248,0
5249,0
5250,0
5251,0
5252,0
5253,0
5254,0
5255,0
5256,0
5257,0
5258,0
5259,0
5260,5260
5261,0
5262,0
5263,0
5264,0
5265,0
5266,0
5267,0
5268,0
5269,0
5270,0
5271,0
5272,0
5273,0
5274,0
5275,0
5276,0
5277,0
5278,0
5279,0
5280,0
5281,0
5282,0
5283,0
5284,0
5285,0
5286,0
5287,0
5288,0
5289,0
5290,0
5291,0
5292,0
5293,0
5294,0
5295,0
5296,0
5297,0
5298,0
5299,0
5300,0
5301,0
5302,0
5303,0
5304,0
5305,0
5306,0
5307,0
5308,0
5309,0
5310,0
5311,0
5312,0
5313,0
5314,0
5315,0
5316,0
5317,0
5318,0
5319,0
5320,0
5321,0
5322,0
5323,0
5324,0
5325,0
5326,0
5327,0
5328,0
5329,0
5330,0
5331,5331
5332,0
5333,0
5334,0
5335,0
5336,0
5337,0
5338,0
5339,0
5340,0
5341,0
5342,0
5343,0
5344,5344
5345,0
5346,0
5347,0
5348,0
5349,0
5350,0
5351,0
5352,0
5353,0
5354,0
5355,0
5356,0
5357,0
5358,5358
5359,0
5360,0
5361,0
5362,0
5363,0
5364,0
5365,0
5366,0
5367,0
5368,0
5369,0
5370,0
5371,0
5372,0
5373,0
5374,0
5375,5375
5376,0
5377,0
5378,0
5379,0
5380,0
5381,0
5382,0
5383,0
5384,0
5385,0
5386,0
5387,0
5388,0
5389,0
5390,0
5391,0
5392,0
5393,0
5394,0
5395,0
5396,0
5397,0
5398,0
5399,0
5400,0
5401,0
5402,0
5403,0
5404,0
5405,0
5406,0
5407,0
5408,0
5409,0
5410,0
5411,5411
5412,0
5413,0
5414,0
5415,0
5416,0
5417,0
5418,0
5419,0
5420,0
5421,0
5422,0
5423,0
5424,0
5425,0
5426,0
5427,0
5428,0
5429,0
5430,0
5431,0
5432,0
5433,0
5434,0
5435,0
5436,0
5437,0
5438,0
5439,0
5440,0
5441,0
5442,0
5443,0
5444,0
5445,0
5446,0
5447,0
5448,0
5449,0
5450,0
5451,0
5452,0
5453,0
5454,0
5455,0
5456,0
5457,0
5458,0
5459,0
5460,0
5461,0
5462,0
5463,0
5464,0
5465,0
5466,0
5467,0
5468,0
5469,0
5470,0
5471,0
5472,5472
5473,0
5474,0
5475,0
5476,0
5477,0
5478,0
5479,10958
5480,0
5481,0
5482,0
5483,0
5484,0
5485,0
5486,0
5487,0
5488,0
5489,0
5490,0
5491,0
5492,0
5493,0
5494,0
5495,0
5496,0
5497,0
5498,0
5499,0
5500,0
5501,0
5502,5502
5503,0
5504,0
5505,0
5506,0
5507,5507
5508,0
5509,0
5510,0
5511,0
5512,0
5513,0
5514,0
5515,0
5516,0
5517,0
5518,0
5519,0
5520,0
5521,0
5522,0
5523,0
5524,0
5525,0
5526,0
5527,0
5528,0
5529,0
5530,0
5531,0
5532,0
5533,0
5534,0
5535,0
5536,0
5537,0
5538,0
5539,0
5540,0
5541,0
5542,0
5543,0
5544,0
5545,0
5546,0
5547,0
5548,0
5549,0
5550,0
5551,0
5552,0
5553,0
5554,0
5555,0
5556,0
5557,0
5558,0
5559,0
5560,0
5561,0
5562,0
5563,0
5564,0
5565,0
5566,0
5567,0
5568,0
5569,0
5570,0
5571,0
5572,0
5573,0
5574,0
5575,0
5576,0
5577,0
5578,0
5579,0
5580,0
5581,0
5582,0
5583,0
5584,0
5585,5585
5586,0
5587,0
5588,0
5589,0
5590,0
5591,0
5592,0
5593,0
5594,0
5595,0
5596,0
5597,0
5598,0
5599,0
5600,0
5601,0
5602,0
5603,0
5604,0
5605,0
5606,0
5607,0
5608,0
5609,0
5610,0
5611,0
5612,0
5613,0
5614,0
5615,0
5616,0
5617,0
5618,0
5619,0
5620,0
5621,0
5622,0
5623,0
5624,0
5625,0
5626,0
5627,0
5628,5628
5629,0
5630,0
5631,0
5632,0
5633,0
5634,0
5635,0
5636,0
5637,0
5638,0
5639,5639
5640,0
5641,0
5642,0
5643,0
5644,0
5645,0
5646,0
5647,0
5648,0
5649,0
5650,0
5651,0
5652,0
5653,0
5654,5654
5655,0
5656,0
5657,0
5658,5658
5659,0
5660,0
5661,0
5662,0
5663,0
5664,0
5665,0
5666,0
5667,0
5668,0
5669,0
5670,0
5671,0
5672,0
5673,5673
5674,0
5675,0
5676,0
5677,0
5678,0
5679,0
5680,0
5681,0
5682,0
5683,0
5684,0
5685,0
5686,0
5687,0
5688,0
5689,0
5690,0
5691,0
5692,0
5693,0
5694,0
5695,0
5696,0
5697,0
5698,5698
5699,0
5700,0
5701,0
5702,0
5703,0
5704,0
5705,0
5706,0
5707,0
5708,0
5709,0
5710,0
5711,0
5712,0
5713,0
5714,0
5715,5715
5716,0
5717,0
5718,0
5719,0
5720,0
5721,0
5722,0
5723,0
5724,0
5725,0
5726,0
5727,0
5728,0
5729,0
5730,0
5731,0
5732,0
5733,0
5734,0
5735,0
5736,0
5737,0
5738,0
5739,0
5740,0
5741,0
5742,0
5743,0
5744,0
5745,0
5746,0
5747,0
5748,5748
5749,0
5750,0
5751,0
5752,0
5753,5753
5754,0
5755,0
5756,0
5757,0
5758,0
5759,0
5760,0
5761,0
5762,0
5763,0
5764,0
5765,0
5766,5766
5767,0
5768,0
5769,0
5770,0
5771,0
5772,0
5773,0
5774,0
5775,0
5776,0
5777,0
5778,0
5779,0
5780,0
5781,0
5782,0
5783,0
5784,0
5785,0
5786,0
5787,0
5788,0
5789,0
5790,0
5791,0
5792,0
5793,0
5794,0
5795,0
5796,0
5797,0
5798,0
5799,0
5800,0
5801,0
5802,0
5803,0
5804,0
5805,0
5806,0
5807,0
5808,0
5809,0
5810,0
5811,0
5812,0
5813,0
5814,5814
5815,0
5816,0
5817,0
5818,0
5819,0
5820,0
5821,0
5822,0
5823,0
5824,0
5825,0
5826,0
5827,0
5828,0
5829,0
5830,0
5831,0
5832,0
5833,0
5834,0
5835,0
5836,0
5837,0
5838,0
5839,0
5840,0
5841,0
5842,0
5843,0
5844,0
5845,0
5846,0
5847,0
5848,0
5849,0
5850,0
5851,5851
5852,0
5853,0
5854,0
5855,0
5856,0
5857,0
5858,0
5859,0
5860,0
5861,0
5862,0
5863,0
5864,0
5865,0
5866,0
5867,0
5868,0
5869,0
5870,0
5871,0
5872,0
5873,0
5874,0
5875,0
5876,0
5877,0
5878,0
5879,0
5880,0
5881,0
5882,0
5883,0
5884,0
5885,0
5886,0
5887,0
5888,0
5889,0
5890,0
5891,0
5892,0
5893,0
5894,0
5895,0
5896,0
5897,0
5898,0
5899,0
5900,0
5901,0
5902,0
5903,0
5904,0
5905,0
5906,0
5907,0
5908,0
5909,0
5910,0
5911,0
5912,0
5913,0
5914,0
5915,0
5916,0
5917,0
5918,0
5919,0
5920,0
5921,0
5922,0
5923,0
5924,0
5925,0
5926,5926
5927,0
5928,0
5929,0
5930,0
5931,0
5932,0
5933,0
5934,0
5935,0
5936,0
5937,0
5938,0
5939,0
5940,0
5941,0
5942,0
5943,0
5944,0
5945,0
5946,0
5947,0
5948,0
5949,0
5950,5950
5951,0
5952,0
5953,0
5954,0
5955,0
5956,0
5957,0
5958,0
5959,0
5960,0
5961,0
5962,0
5963,0
5964,0
5965,0
5966,0
5967,0
5968,0
5969,0
5970,0
5971,0
5972,0
5973,0
5974,0
5975,0
5976,0
5977,0
5978,0
5979,0
5980,0
5981,0
5982,0
5983,0
5984,0
5985,0
5986,0
5987,0
5988,0
5989,0
5990,0
5991,0
5992,0
5993,0
5994,0
5995,0
5996,0
5997,0
5998,0
5999,0
6000,0
6001,0
6002,0
6003,0
6004,0
6005,6005
6006,6006
6007,0
6008,0
6009,0
6010,0
6011,0
6012,0
6013,0
6014,0
6015,0
6016,0
6017,0
6018,0
6019,0
6020,0
6021,0
6022,0
6023,0
6024,0
6025,0
6026,0
6027,0
6028,0
6029,0
6030,0
6031,0
6032,0
6033,0
6034,0
6035,0
6036,0
6037,0
6038,0
6039,0
6040,0
6041,0
6042,0
6043,0
6044,0
6045,0
6046,0
6047,0
6048,0
6049,0
6050,0
6051,0
6052,0
6053,6053
6054,0
6055,0
6056,0
6057,0
6058,0
6059,0
6060,0
6061,0
6062,0
6063,0
6064,0
6065,0
6066,0
6067,0
6068,0
6069,0
6070,0
6071,0
6072,0
6073,0
6074,6074
6075,0
6076,0
6077,0
6078,6078
6079,0
6080,0
6081,0
6082,0
6083,0
6084,0
6085,0
6086,0
6087,0
6088,0
6089,0
6090,0
6091,0
6092,0
6093,0
6094,0
6095,0
6096,0
6097,0
6098,0
6099,0
6100,0
6101,0
6102,0
6103,0
6104,0
6105,0
6106,0
6107,0
6108,0
6109,0
6110,0
6111,0
6112,0
6113,0
6114,0
6115,0
6116,0
6117,0
6118,0
6119,0
6120,0
6121,0
6122,0
6123,0
6124,0
6125,0
6126,0
6127,0
6128,0
6129,0
6130,0
6131,0
6132,0
6133,6133
6134,0
6135,0
6136,0
6137,0
6138,0
6139,0
6140,0
6141,0
6142,0
6143,0
6144,0
6145,0
6146,0
6147,0
6148,0
6149,0
6150,0
6151,0
6152,0
6153,0
6154,0
6155,0
6156,0
6157,0
6158,0
6159,0
6160,0
6161,0
6162,6162
6163,0
6164,0
6165,0
6166,0
6167,0
6168,0
6169,0
6170,0
6171,0
6172,0
6173,0
6174,6174
6175,0
6176,0
6177,0
6178,0
6179,0
6180,0
6181,0
6182,0
6183,0
6184,0
6185,6185
6186,0
6187,0
6188,0
6189,0
6190,0
6191,0
6192,0
6193,0
6194,0
6195,0
6196,0
6197,0
6198,0
6199,0
6200,0
6201,0
6202,0
6203,0
6204,0
6205,0
6206,0
6207,0
6208,0
6209,6209
6210,0
6211,0
6212,0
6213,6213
6214,0
6215,0
6216,0
6217,0
6218,0
6219,0
6220,0
6221,0
6222,0
6223,0
6224,0
6225,0
6226,0
6227,0
6228,0
6229,0
6230,0
6231,0
6232,0
6233,0
6234,0
6235,0
6236,0
6237,0
6238,0
6239,0
6240,0
6241,0
6242,0
6243,0
6244,0
6245,0
6246,0
6247,0
6248,0
6249,0
6250,0
6251,0
6252,0
6253,0
6254,0
6255,0
6256,0
6257,0
6258,0
6259,0
6260,0
6261,0
6262,0
6263,0
6264,0
6265,0
6266,0
6267,6267
6268,0
6269,0
6270,0
6271,0
6272,0
6273,0
6274,0
6275,0
6276,0
6277,0
6278,0
6279,0
6280,0
6281,0
6282,0
6283,0
6284,0
6285,0
6286,0
6287,6287
6288,0
6289,6289
6290,0
6291,0
6292,0
6293,0
6294,0
6295,0
6296,0
6297,0
6298,0
6299,0
6300,0
6301,0
6302,0
6303,0
6304,0
6305,0
6306,0
6307,0
6308,0
6309,0
6310,6310
6311,0
6312,0
6313,0
6314,0
6315,0
6316,0
6317,0
6318,0
6319,0
6320,0
6321,0
6322,0
6323,6323
6324,0
6325,0
6326,0
6327,0
6328,0
6329,0
6330,0
6331,0
6332,0
6333,0
6334,0
6335,0
6336,0
6337,0
6338,0
6339,0
6340,0
6341,0
6342,0
6343,0
6344,0
6345,0
6346,0
6347,0
6348,0
6349,0
6350,0
6351,0
6352,0
6353,0
6354,0
6355,0
6356,0
6357,0
6358,0
6359,0
6360,0
6361,0
6362,0
6363,0
6364,0
6365,0
6366,0
6367,0
6368,0
6369,0
6370,0
6371,0
6372,0
6373,0
6374,0
6375,0
6376,0
6377,0
6378,0
6379,0
6380,0
6381,0
6382,0
6383,0
6384,0
6385,0
6386,0
6387,0
6388,0
6389,0
6390,0
6391,0
6392,0
6393,0
6394,0
6395,0
6396,0
6397,0
6398,0
6399,0
6400,0
6401,0
6402,0
6403,0
6404,0
6405,0
6406,0
6407,0
6408,0
6409,0
6410,0
6411,0
6412,0
6413,0
6414,0
6415,0
6416,0
6417,0
6418,0
6419,0
6420,0
6421,0
6422,0
6423,0
6424,0
6425,0
6426,0
6427,0
6428,0
6429,0
6430,0
6431,0
6432,0
6433,0
6434,0
6435,0
6436,0
6437,0
6438,0
6439,0
6440,0
6441,0
6442,0
6443,0
6444,0
6445,0
6446,0
6447,0
6448,0
6449,0
6450,0
6451,0
6452,0
6453,0
6454,0
6455,0
6456,0
6457,0
6458,0
6459,0
6460,0
6461,6461
6462,0
6463,0
6464,0
6465,0
6466,0
6467,0
6468,0
6469,0
6470,0
6471,0
6472,0
6473,0
6474,0
6475,0
6476,0
6477,0
6478,0
6479,0
6480,0
6481,0
6482,0
6483,0
6484,0
6485,0
6486,0
6487,0
6488,0
6489,0
6490,0
6491,0
6492,0
6493,0
6494,0
6495,0
6496,0
6497,0
6498,0
6499,0
6500,0
6501,0
6502,0
6503,0
6504,0
6505,0
6506,0
6507,0
6508,0
6509,0
6510,0
6511,0
6512,0
6513,0
6514,0
6515,0
6516,0
6517,0
6518,0
6519,0
6520,0
6521,0
6522,0
6523,0
6524,0
6525,6525
6526,0
6527,0
6528,0
6529,0
6530,0
6531,0
6532,0
6533,0
6534,0
6535,0
6536,0
6537,0
6538,0
6539,0
6540,0
6541,0
6542,0
6543,0
6544,0
6545,0
6546,0
6547,0
6548,0
6549,0
6550,0
6551,0
6552,0
6553,0
6554,0
6555,0
6556,0
6557,0
6558,0
6559,0
6560,0
6561,6561
6562,0
6563,0
6564,0
6565,0
6566,0
6567,0
6568,0
6569,0
6570,0
6571,0
6572,0
6573,6573
6574,0
6575,0
6576,0
6577,0
6578,0
6579,0
6580,0
6581,0
6582,0
6583,0
6584,0
6585,0
6586,0
6587,0
6588,0
6589,0
6590,0
6591,0
6592,0
6593,0
6594,0
6595,0
6596,0
6597,0
6598,0
6599,0
6600,0
6601,0
6602,0
6603,0
6604,0
6605,0
6606,0
6607,0
6608,0
6609,0
6610,0
6611,0
6612,0
6613,0
6614,0
6615,0
6616,0
6617,0
6618,0
6619,0
6620,0
6621,0
6622,0
6623,0
6624,0
6625,0
6626,0
6627,0
6628,0
6629,0
6630,0
6631,0
6632,0
6633,0
6634,0
6635,0
6636,0
6637,0
6638,0
6639,0
6640,0
6641,0
6642,0
6643,0
6644,0
6645,0
6646,0
6647,0
6648,0
6649,0
6650,0
6651,0
6652,0
6653,0
6654,0
6655,0
6656,0
6657,0
6658,0
6659,0
6660,0
6661,0
6662,0
6663,0
6664,0
6665,0
6666,0
6667,0
6668,0
6669,0
6670,0
6671,0
6672,0
6673,0
6674,0
6675,0
6676,0
6677,0
6678,0
6679,0
6680,0
6681,0
6682,0
6683,0
6684,0
6685,0
6686,0
6687,0
6688,0
6689,0
6690,0
6691,0
6692,0
6693,0
6694,0
6695,0
6696,0
6697,0
6698,0
6699,0
6700,0
6701,0
6702,0
6703,0
6704,0
6705,0
6706,0
6707,0
6708,0
6709,0
6710,0
6711,0
6712,0
6713,0
6714,0
6715,0
6716,0
6717,0
6718,0
6719,0
6720,0